method,T,global_null_fpr,partial_null_linear_power,partial_null_nonlinear_power,partial_null_empirical_fdr
Dumitrescu-Hurlin,20,0.0176666666666667,0.20,0.025,0.0766666666666667
Dumitrescu-Hurlin,30,0.00966666666666667,0.451666666666667,0.0416666666666667,0.0436111111111111
Dumitrescu-Hurlin,40,0.011,0.701666666666667,0.03,0.0338888888888889
Split-panel jackknife,20,0.00733333333333333,0.541666666666667,0.0266666666666667,0.0372222222222222
Split-panel jackknife,30,0.009,0.923333333333333,0.0416666666666667,0.0247222222222222
Split-panel jackknife,40,0.0103333333333333,0.991666666666667,0.0416666666666667,0.0496111111111111
PCMCI-ParCorr,20,0.00166666666666667,0.578333333333333,0.00166666666666667,0.00611111111111111
PCMCI-ParCorr,30,0.00166666666666667,0.883333333333333,0.005,0.00444444444444444
PCMCI-ParCorr,40,0.00133333333333333,0.978333333333333,0.00666666666666667,0.01
