scenario,n_time,rep,method,detected
null,20,1,classical_two_way_within,False
null,20,1,bayesian_bic,False
null,20,2,classical_two_way_within,False
null,20,2,bayesian_bic,False
null,20,3,classical_two_way_within,False
null,20,3,bayesian_bic,False
null,20,4,classical_two_way_within,False
null,20,4,bayesian_bic,False
null,20,5,classical_two_way_within,False
null,20,5,bayesian_bic,False
null,20,6,classical_two_way_within,True
null,20,6,bayesian_bic,True
null,20,7,classical_two_way_within,False
null,20,7,bayesian_bic,False
null,20,8,classical_two_way_within,False
null,20,8,bayesian_bic,False
null,20,9,classical_two_way_within,False
null,20,9,bayesian_bic,False
null,20,10,classical_two_way_within,False
null,20,10,bayesian_bic,False
null,20,11,classical_two_way_within,False
null,20,11,bayesian_bic,False
null,20,12,classical_two_way_within,False
null,20,12,bayesian_bic,False
null,20,13,classical_two_way_within,False
null,20,13,bayesian_bic,False
null,20,14,classical_two_way_within,False
null,20,14,bayesian_bic,False
null,20,15,classical_two_way_within,False
null,20,15,bayesian_bic,False
null,20,16,classical_two_way_within,True
null,20,16,bayesian_bic,False
null,20,17,classical_two_way_within,False
null,20,17,bayesian_bic,False
null,20,18,classical_two_way_within,False
null,20,18,bayesian_bic,False
null,20,19,classical_two_way_within,False
null,20,19,bayesian_bic,False
null,20,20,classical_two_way_within,False
null,20,20,bayesian_bic,False
null,20,21,classical_two_way_within,False
null,20,21,bayesian_bic,False
null,20,22,classical_two_way_within,False
null,20,22,bayesian_bic,False
null,20,23,classical_two_way_within,False
null,20,23,bayesian_bic,False
null,20,24,classical_two_way_within,False
null,20,24,bayesian_bic,False
null,20,25,classical_two_way_within,False
null,20,25,bayesian_bic,False
null,20,26,classical_two_way_within,True
null,20,26,bayesian_bic,False
null,20,27,classical_two_way_within,False
null,20,27,bayesian_bic,False
null,20,28,classical_two_way_within,False
null,20,28,bayesian_bic,False
null,20,29,classical_two_way_within,False
null,20,29,bayesian_bic,False
null,20,30,classical_two_way_within,True
null,20,30,bayesian_bic,False
null,20,31,classical_two_way_within,False
null,20,31,bayesian_bic,False
null,20,32,classical_two_way_within,False
null,20,32,bayesian_bic,False
null,20,33,classical_two_way_within,False
null,20,33,bayesian_bic,False
null,20,34,classical_two_way_within,False
null,20,34,bayesian_bic,False
null,20,35,classical_two_way_within,False
null,20,35,bayesian_bic,False
null,20,36,classical_two_way_within,False
null,20,36,bayesian_bic,False
null,20,37,classical_two_way_within,False
null,20,37,bayesian_bic,False
null,20,38,classical_two_way_within,False
null,20,38,bayesian_bic,False
null,20,39,classical_two_way_within,False
null,20,39,bayesian_bic,False
null,20,40,classical_two_way_within,False
null,20,40,bayesian_bic,False
null,20,41,classical_two_way_within,False
null,20,41,bayesian_bic,False
null,20,42,classical_two_way_within,False
null,20,42,bayesian_bic,False
null,20,43,classical_two_way_within,False
null,20,43,bayesian_bic,False
null,20,44,classical_two_way_within,False
null,20,44,bayesian_bic,False
null,20,45,classical_two_way_within,False
null,20,45,bayesian_bic,False
null,20,46,classical_two_way_within,False
null,20,46,bayesian_bic,False
null,20,47,classical_two_way_within,False
null,20,47,bayesian_bic,False
null,20,48,classical_two_way_within,False
null,20,48,bayesian_bic,False
null,20,49,classical_two_way_within,False
null,20,49,bayesian_bic,False
null,20,50,classical_two_way_within,True
null,20,50,bayesian_bic,False
null,20,51,classical_two_way_within,False
null,20,51,bayesian_bic,False
null,20,52,classical_two_way_within,False
null,20,52,bayesian_bic,False
null,20,53,classical_two_way_within,False
null,20,53,bayesian_bic,False
null,20,54,classical_two_way_within,False
null,20,54,bayesian_bic,False
null,20,55,classical_two_way_within,False
null,20,55,bayesian_bic,False
null,20,56,classical_two_way_within,False
null,20,56,bayesian_bic,False
null,20,57,classical_two_way_within,False
null,20,57,bayesian_bic,False
null,20,58,classical_two_way_within,False
null,20,58,bayesian_bic,False
null,20,59,classical_two_way_within,False
null,20,59,bayesian_bic,False
null,20,60,classical_two_way_within,False
null,20,60,bayesian_bic,False
null,20,61,classical_two_way_within,False
null,20,61,bayesian_bic,False
null,20,62,classical_two_way_within,False
null,20,62,bayesian_bic,False
null,20,63,classical_two_way_within,False
null,20,63,bayesian_bic,False
null,20,64,classical_two_way_within,False
null,20,64,bayesian_bic,False
null,20,65,classical_two_way_within,False
null,20,65,bayesian_bic,False
null,20,66,classical_two_way_within,False
null,20,66,bayesian_bic,False
null,20,67,classical_two_way_within,False
null,20,67,bayesian_bic,False
null,20,68,classical_two_way_within,False
null,20,68,bayesian_bic,False
null,20,69,classical_two_way_within,False
null,20,69,bayesian_bic,False
null,20,70,classical_two_way_within,False
null,20,70,bayesian_bic,False
null,20,71,classical_two_way_within,False
null,20,71,bayesian_bic,False
null,20,72,classical_two_way_within,False
null,20,72,bayesian_bic,False
null,20,73,classical_two_way_within,False
null,20,73,bayesian_bic,False
null,20,74,classical_two_way_within,False
null,20,74,bayesian_bic,False
null,20,75,classical_two_way_within,False
null,20,75,bayesian_bic,False
null,20,76,classical_two_way_within,False
null,20,76,bayesian_bic,False
null,20,77,classical_two_way_within,False
null,20,77,bayesian_bic,False
null,20,78,classical_two_way_within,False
null,20,78,bayesian_bic,False
null,20,79,classical_two_way_within,False
null,20,79,bayesian_bic,False
null,20,80,classical_two_way_within,False
null,20,80,bayesian_bic,False
null,20,81,classical_two_way_within,False
null,20,81,bayesian_bic,False
null,20,82,classical_two_way_within,False
null,20,82,bayesian_bic,False
null,20,83,classical_two_way_within,False
null,20,83,bayesian_bic,False
null,20,84,classical_two_way_within,False
null,20,84,bayesian_bic,False
null,20,85,classical_two_way_within,False
null,20,85,bayesian_bic,False
null,20,86,classical_two_way_within,False
null,20,86,bayesian_bic,False
null,20,87,classical_two_way_within,False
null,20,87,bayesian_bic,False
null,20,88,classical_two_way_within,False
null,20,88,bayesian_bic,False
null,20,89,classical_two_way_within,False
null,20,89,bayesian_bic,False
null,20,90,classical_two_way_within,False
null,20,90,bayesian_bic,False
null,20,91,classical_two_way_within,False
null,20,91,bayesian_bic,False
null,20,92,classical_two_way_within,False
null,20,92,bayesian_bic,False
null,20,93,classical_two_way_within,False
null,20,93,bayesian_bic,False
null,20,94,classical_two_way_within,True
null,20,94,bayesian_bic,False
null,20,95,classical_two_way_within,False
null,20,95,bayesian_bic,False
null,20,96,classical_two_way_within,False
null,20,96,bayesian_bic,False
null,20,97,classical_two_way_within,False
null,20,97,bayesian_bic,False
null,20,98,classical_two_way_within,False
null,20,98,bayesian_bic,False
null,20,99,classical_two_way_within,True
null,20,99,bayesian_bic,False
null,20,100,classical_two_way_within,False
null,20,100,bayesian_bic,False
linear,20,1,classical_two_way_within,True
linear,20,1,bayesian_bic,True
linear,20,2,classical_two_way_within,True
linear,20,2,bayesian_bic,True
linear,20,3,classical_two_way_within,True
linear,20,3,bayesian_bic,True
linear,20,4,classical_two_way_within,True
linear,20,4,bayesian_bic,True
linear,20,5,classical_two_way_within,True
linear,20,5,bayesian_bic,True
linear,20,6,classical_two_way_within,True
linear,20,6,bayesian_bic,True
linear,20,7,classical_two_way_within,True
linear,20,7,bayesian_bic,True
linear,20,8,classical_two_way_within,True
linear,20,8,bayesian_bic,True
linear,20,9,classical_two_way_within,True
linear,20,9,bayesian_bic,True
linear,20,10,classical_two_way_within,True
linear,20,10,bayesian_bic,True
linear,20,11,classical_two_way_within,True
linear,20,11,bayesian_bic,True
linear,20,12,classical_two_way_within,True
linear,20,12,bayesian_bic,True
linear,20,13,classical_two_way_within,True
linear,20,13,bayesian_bic,True
linear,20,14,classical_two_way_within,True
linear,20,14,bayesian_bic,True
linear,20,15,classical_two_way_within,True
linear,20,15,bayesian_bic,True
linear,20,16,classical_two_way_within,True
linear,20,16,bayesian_bic,True
linear,20,17,classical_two_way_within,True
linear,20,17,bayesian_bic,True
linear,20,18,classical_two_way_within,True
linear,20,18,bayesian_bic,True
linear,20,19,classical_two_way_within,True
linear,20,19,bayesian_bic,True
linear,20,20,classical_two_way_within,True
linear,20,20,bayesian_bic,True
linear,20,21,classical_two_way_within,True
linear,20,21,bayesian_bic,True
linear,20,22,classical_two_way_within,True
linear,20,22,bayesian_bic,True
linear,20,23,classical_two_way_within,True
linear,20,23,bayesian_bic,True
linear,20,24,classical_two_way_within,True
linear,20,24,bayesian_bic,True
linear,20,25,classical_two_way_within,True
linear,20,25,bayesian_bic,True
linear,20,26,classical_two_way_within,True
linear,20,26,bayesian_bic,True
linear,20,27,classical_two_way_within,True
linear,20,27,bayesian_bic,True
linear,20,28,classical_two_way_within,True
linear,20,28,bayesian_bic,True
linear,20,29,classical_two_way_within,True
linear,20,29,bayesian_bic,True
linear,20,30,classical_two_way_within,True
linear,20,30,bayesian_bic,True
linear,20,31,classical_two_way_within,True
linear,20,31,bayesian_bic,True
linear,20,32,classical_two_way_within,True
linear,20,32,bayesian_bic,True
linear,20,33,classical_two_way_within,True
linear,20,33,bayesian_bic,True
linear,20,34,classical_two_way_within,True
linear,20,34,bayesian_bic,True
linear,20,35,classical_two_way_within,True
linear,20,35,bayesian_bic,True
linear,20,36,classical_two_way_within,True
linear,20,36,bayesian_bic,True
linear,20,37,classical_two_way_within,True
linear,20,37,bayesian_bic,True
linear,20,38,classical_two_way_within,True
linear,20,38,bayesian_bic,True
linear,20,39,classical_two_way_within,True
linear,20,39,bayesian_bic,True
linear,20,40,classical_two_way_within,True
linear,20,40,bayesian_bic,True
linear,20,41,classical_two_way_within,True
linear,20,41,bayesian_bic,True
linear,20,42,classical_two_way_within,True
linear,20,42,bayesian_bic,True
linear,20,43,classical_two_way_within,True
linear,20,43,bayesian_bic,True
linear,20,44,classical_two_way_within,True
linear,20,44,bayesian_bic,True
linear,20,45,classical_two_way_within,True
linear,20,45,bayesian_bic,True
linear,20,46,classical_two_way_within,True
linear,20,46,bayesian_bic,True
linear,20,47,classical_two_way_within,True
linear,20,47,bayesian_bic,True
linear,20,48,classical_two_way_within,True
linear,20,48,bayesian_bic,True
linear,20,49,classical_two_way_within,True
linear,20,49,bayesian_bic,True
linear,20,50,classical_two_way_within,True
linear,20,50,bayesian_bic,True
linear,20,51,classical_two_way_within,True
linear,20,51,bayesian_bic,True
linear,20,52,classical_two_way_within,True
linear,20,52,bayesian_bic,True
linear,20,53,classical_two_way_within,True
linear,20,53,bayesian_bic,True
linear,20,54,classical_two_way_within,True
linear,20,54,bayesian_bic,True
linear,20,55,classical_two_way_within,True
linear,20,55,bayesian_bic,True
linear,20,56,classical_two_way_within,True
linear,20,56,bayesian_bic,True
linear,20,57,classical_two_way_within,True
linear,20,57,bayesian_bic,True
linear,20,58,classical_two_way_within,True
linear,20,58,bayesian_bic,True
linear,20,59,classical_two_way_within,True
linear,20,59,bayesian_bic,True
linear,20,60,classical_two_way_within,True
linear,20,60,bayesian_bic,True
linear,20,61,classical_two_way_within,True
linear,20,61,bayesian_bic,True
linear,20,62,classical_two_way_within,True
linear,20,62,bayesian_bic,True
linear,20,63,classical_two_way_within,True
linear,20,63,bayesian_bic,True
linear,20,64,classical_two_way_within,True
linear,20,64,bayesian_bic,True
linear,20,65,classical_two_way_within,True
linear,20,65,bayesian_bic,True
linear,20,66,classical_two_way_within,True
linear,20,66,bayesian_bic,True
linear,20,67,classical_two_way_within,True
linear,20,67,bayesian_bic,True
linear,20,68,classical_two_way_within,True
linear,20,68,bayesian_bic,True
linear,20,69,classical_two_way_within,True
linear,20,69,bayesian_bic,True
linear,20,70,classical_two_way_within,True
linear,20,70,bayesian_bic,True
linear,20,71,classical_two_way_within,True
linear,20,71,bayesian_bic,True
linear,20,72,classical_two_way_within,True
linear,20,72,bayesian_bic,True
linear,20,73,classical_two_way_within,True
linear,20,73,bayesian_bic,True
linear,20,74,classical_two_way_within,True
linear,20,74,bayesian_bic,True
linear,20,75,classical_two_way_within,True
linear,20,75,bayesian_bic,True
linear,20,76,classical_two_way_within,True
linear,20,76,bayesian_bic,True
linear,20,77,classical_two_way_within,True
linear,20,77,bayesian_bic,True
linear,20,78,classical_two_way_within,True
linear,20,78,bayesian_bic,True
linear,20,79,classical_two_way_within,True
linear,20,79,bayesian_bic,True
linear,20,80,classical_two_way_within,True
linear,20,80,bayesian_bic,True
linear,20,81,classical_two_way_within,True
linear,20,81,bayesian_bic,True
linear,20,82,classical_two_way_within,True
linear,20,82,bayesian_bic,True
linear,20,83,classical_two_way_within,True
linear,20,83,bayesian_bic,True
linear,20,84,classical_two_way_within,True
linear,20,84,bayesian_bic,True
linear,20,85,classical_two_way_within,True
linear,20,85,bayesian_bic,True
linear,20,86,classical_two_way_within,True
linear,20,86,bayesian_bic,True
linear,20,87,classical_two_way_within,True
linear,20,87,bayesian_bic,True
linear,20,88,classical_two_way_within,True
linear,20,88,bayesian_bic,True
linear,20,89,classical_two_way_within,True
linear,20,89,bayesian_bic,True
linear,20,90,classical_two_way_within,True
linear,20,90,bayesian_bic,True
linear,20,91,classical_two_way_within,True
linear,20,91,bayesian_bic,True
linear,20,92,classical_two_way_within,True
linear,20,92,bayesian_bic,True
linear,20,93,classical_two_way_within,True
linear,20,93,bayesian_bic,True
linear,20,94,classical_two_way_within,True
linear,20,94,bayesian_bic,True
linear,20,95,classical_two_way_within,True
linear,20,95,bayesian_bic,True
linear,20,96,classical_two_way_within,True
linear,20,96,bayesian_bic,True
linear,20,97,classical_two_way_within,True
linear,20,97,bayesian_bic,True
linear,20,98,classical_two_way_within,True
linear,20,98,bayesian_bic,True
linear,20,99,classical_two_way_within,True
linear,20,99,bayesian_bic,True
linear,20,100,classical_two_way_within,True
linear,20,100,bayesian_bic,True
nonlinear,20,1,classical_two_way_within,True
nonlinear,20,1,bayesian_bic,True
nonlinear,20,2,classical_two_way_within,True
nonlinear,20,2,bayesian_bic,False
nonlinear,20,3,classical_two_way_within,True
nonlinear,20,3,bayesian_bic,False
nonlinear,20,4,classical_two_way_within,False
nonlinear,20,4,bayesian_bic,False
nonlinear,20,5,classical_two_way_within,False
nonlinear,20,5,bayesian_bic,False
nonlinear,20,6,classical_two_way_within,True
nonlinear,20,6,bayesian_bic,False
nonlinear,20,7,classical_two_way_within,True
nonlinear,20,7,bayesian_bic,False
nonlinear,20,8,classical_two_way_within,False
nonlinear,20,8,bayesian_bic,False
nonlinear,20,9,classical_two_way_within,True
nonlinear,20,9,bayesian_bic,False
nonlinear,20,10,classical_two_way_within,True
nonlinear,20,10,bayesian_bic,False
nonlinear,20,11,classical_two_way_within,False
nonlinear,20,11,bayesian_bic,False
nonlinear,20,12,classical_two_way_within,False
nonlinear,20,12,bayesian_bic,False
nonlinear,20,13,classical_two_way_within,False
nonlinear,20,13,bayesian_bic,False
nonlinear,20,14,classical_two_way_within,False
nonlinear,20,14,bayesian_bic,False
nonlinear,20,15,classical_two_way_within,False
nonlinear,20,15,bayesian_bic,False
nonlinear,20,16,classical_two_way_within,False
nonlinear,20,16,bayesian_bic,False
nonlinear,20,17,classical_two_way_within,False
nonlinear,20,17,bayesian_bic,False
nonlinear,20,18,classical_two_way_within,False
nonlinear,20,18,bayesian_bic,False
nonlinear,20,19,classical_two_way_within,False
nonlinear,20,19,bayesian_bic,False
nonlinear,20,20,classical_two_way_within,False
nonlinear,20,20,bayesian_bic,False
nonlinear,20,21,classical_two_way_within,True
nonlinear,20,21,bayesian_bic,True
nonlinear,20,22,classical_two_way_within,True
nonlinear,20,22,bayesian_bic,True
nonlinear,20,23,classical_two_way_within,False
nonlinear,20,23,bayesian_bic,False
nonlinear,20,24,classical_two_way_within,False
nonlinear,20,24,bayesian_bic,False
nonlinear,20,25,classical_two_way_within,True
nonlinear,20,25,bayesian_bic,True
nonlinear,20,26,classical_two_way_within,True
nonlinear,20,26,bayesian_bic,False
nonlinear,20,27,classical_two_way_within,False
nonlinear,20,27,bayesian_bic,False
nonlinear,20,28,classical_two_way_within,True
nonlinear,20,28,bayesian_bic,True
nonlinear,20,29,classical_two_way_within,True
nonlinear,20,29,bayesian_bic,True
nonlinear,20,30,classical_two_way_within,False
nonlinear,20,30,bayesian_bic,False
nonlinear,20,31,classical_two_way_within,True
nonlinear,20,31,bayesian_bic,True
nonlinear,20,32,classical_two_way_within,True
nonlinear,20,32,bayesian_bic,True
nonlinear,20,33,classical_two_way_within,False
nonlinear,20,33,bayesian_bic,False
nonlinear,20,34,classical_two_way_within,True
nonlinear,20,34,bayesian_bic,False
nonlinear,20,35,classical_two_way_within,False
nonlinear,20,35,bayesian_bic,False
nonlinear,20,36,classical_two_way_within,False
nonlinear,20,36,bayesian_bic,False
nonlinear,20,37,classical_two_way_within,True
nonlinear,20,37,bayesian_bic,False
nonlinear,20,38,classical_two_way_within,True
nonlinear,20,38,bayesian_bic,True
nonlinear,20,39,classical_two_way_within,True
nonlinear,20,39,bayesian_bic,False
nonlinear,20,40,classical_two_way_within,False
nonlinear,20,40,bayesian_bic,False
nonlinear,20,41,classical_two_way_within,False
nonlinear,20,41,bayesian_bic,False
nonlinear,20,42,classical_two_way_within,True
nonlinear,20,42,bayesian_bic,True
nonlinear,20,43,classical_two_way_within,True
nonlinear,20,43,bayesian_bic,False
nonlinear,20,44,classical_two_way_within,False
nonlinear,20,44,bayesian_bic,False
nonlinear,20,45,classical_two_way_within,False
nonlinear,20,45,bayesian_bic,False
nonlinear,20,46,classical_two_way_within,True
nonlinear,20,46,bayesian_bic,True
nonlinear,20,47,classical_two_way_within,True
nonlinear,20,47,bayesian_bic,False
nonlinear,20,48,classical_two_way_within,False
nonlinear,20,48,bayesian_bic,False
nonlinear,20,49,classical_two_way_within,True
nonlinear,20,49,bayesian_bic,False
nonlinear,20,50,classical_two_way_within,True
nonlinear,20,50,bayesian_bic,False
nonlinear,20,51,classical_two_way_within,True
nonlinear,20,51,bayesian_bic,True
nonlinear,20,52,classical_two_way_within,False
nonlinear,20,52,bayesian_bic,False
nonlinear,20,53,classical_two_way_within,False
nonlinear,20,53,bayesian_bic,False
nonlinear,20,54,classical_two_way_within,False
nonlinear,20,54,bayesian_bic,False
nonlinear,20,55,classical_two_way_within,False
nonlinear,20,55,bayesian_bic,False
nonlinear,20,56,classical_two_way_within,False
nonlinear,20,56,bayesian_bic,False
nonlinear,20,57,classical_two_way_within,False
nonlinear,20,57,bayesian_bic,False
nonlinear,20,58,classical_two_way_within,True
nonlinear,20,58,bayesian_bic,True
nonlinear,20,59,classical_two_way_within,False
nonlinear,20,59,bayesian_bic,False
nonlinear,20,60,classical_two_way_within,True
nonlinear,20,60,bayesian_bic,True
nonlinear,20,61,classical_two_way_within,False
nonlinear,20,61,bayesian_bic,False
nonlinear,20,62,classical_two_way_within,False
nonlinear,20,62,bayesian_bic,False
nonlinear,20,63,classical_two_way_within,False
nonlinear,20,63,bayesian_bic,False
nonlinear,20,64,classical_two_way_within,False
nonlinear,20,64,bayesian_bic,False
nonlinear,20,65,classical_two_way_within,True
nonlinear,20,65,bayesian_bic,True
nonlinear,20,66,classical_two_way_within,False
nonlinear,20,66,bayesian_bic,False
nonlinear,20,67,classical_two_way_within,False
nonlinear,20,67,bayesian_bic,False
nonlinear,20,68,classical_two_way_within,False
nonlinear,20,68,bayesian_bic,False
nonlinear,20,69,classical_two_way_within,False
nonlinear,20,69,bayesian_bic,False
nonlinear,20,70,classical_two_way_within,False
nonlinear,20,70,bayesian_bic,False
nonlinear,20,71,classical_two_way_within,True
nonlinear,20,71,bayesian_bic,False
nonlinear,20,72,classical_two_way_within,False
nonlinear,20,72,bayesian_bic,False
nonlinear,20,73,classical_two_way_within,True
nonlinear,20,73,bayesian_bic,False
nonlinear,20,74,classical_two_way_within,False
nonlinear,20,74,bayesian_bic,False
nonlinear,20,75,classical_two_way_within,False
nonlinear,20,75,bayesian_bic,False
nonlinear,20,76,classical_two_way_within,False
nonlinear,20,76,bayesian_bic,False
nonlinear,20,77,classical_two_way_within,False
nonlinear,20,77,bayesian_bic,False
nonlinear,20,78,classical_two_way_within,False
nonlinear,20,78,bayesian_bic,False
nonlinear,20,79,classical_two_way_within,True
nonlinear,20,79,bayesian_bic,False
nonlinear,20,80,classical_two_way_within,False
nonlinear,20,80,bayesian_bic,False
nonlinear,20,81,classical_two_way_within,False
nonlinear,20,81,bayesian_bic,False
nonlinear,20,82,classical_two_way_within,False
nonlinear,20,82,bayesian_bic,False
nonlinear,20,83,classical_two_way_within,False
nonlinear,20,83,bayesian_bic,False
nonlinear,20,84,classical_two_way_within,True
nonlinear,20,84,bayesian_bic,True
nonlinear,20,85,classical_two_way_within,True
nonlinear,20,85,bayesian_bic,True
nonlinear,20,86,classical_two_way_within,False
nonlinear,20,86,bayesian_bic,False
nonlinear,20,87,classical_two_way_within,False
nonlinear,20,87,bayesian_bic,False
nonlinear,20,88,classical_two_way_within,False
nonlinear,20,88,bayesian_bic,False
nonlinear,20,89,classical_two_way_within,True
nonlinear,20,89,bayesian_bic,False
nonlinear,20,90,classical_two_way_within,True
nonlinear,20,90,bayesian_bic,False
nonlinear,20,91,classical_two_way_within,False
nonlinear,20,91,bayesian_bic,False
nonlinear,20,92,classical_two_way_within,True
nonlinear,20,92,bayesian_bic,False
nonlinear,20,93,classical_two_way_within,True
nonlinear,20,93,bayesian_bic,False
nonlinear,20,94,classical_two_way_within,True
nonlinear,20,94,bayesian_bic,True
nonlinear,20,95,classical_two_way_within,False
nonlinear,20,95,bayesian_bic,False
nonlinear,20,96,classical_two_way_within,False
nonlinear,20,96,bayesian_bic,False
nonlinear,20,97,classical_two_way_within,False
nonlinear,20,97,bayesian_bic,False
nonlinear,20,98,classical_two_way_within,False
nonlinear,20,98,bayesian_bic,False
nonlinear,20,99,classical_two_way_within,True
nonlinear,20,99,bayesian_bic,True
nonlinear,20,100,classical_two_way_within,True
nonlinear,20,100,bayesian_bic,False
break,20,1,classical_two_way_within,True
break,20,1,bayesian_bic,True
break,20,2,classical_two_way_within,True
break,20,2,bayesian_bic,True
break,20,3,classical_two_way_within,True
break,20,3,bayesian_bic,True
break,20,4,classical_two_way_within,True
break,20,4,bayesian_bic,True
break,20,5,classical_two_way_within,True
break,20,5,bayesian_bic,True
break,20,6,classical_two_way_within,True
break,20,6,bayesian_bic,True
break,20,7,classical_two_way_within,True
break,20,7,bayesian_bic,True
break,20,8,classical_two_way_within,True
break,20,8,bayesian_bic,True
break,20,9,classical_two_way_within,True
break,20,9,bayesian_bic,True
break,20,10,classical_two_way_within,True
break,20,10,bayesian_bic,True
break,20,11,classical_two_way_within,True
break,20,11,bayesian_bic,True
break,20,12,classical_two_way_within,True
break,20,12,bayesian_bic,True
break,20,13,classical_two_way_within,True
break,20,13,bayesian_bic,True
break,20,14,classical_two_way_within,True
break,20,14,bayesian_bic,True
break,20,15,classical_two_way_within,True
break,20,15,bayesian_bic,True
break,20,16,classical_two_way_within,True
break,20,16,bayesian_bic,True
break,20,17,classical_two_way_within,True
break,20,17,bayesian_bic,True
break,20,18,classical_two_way_within,True
break,20,18,bayesian_bic,True
break,20,19,classical_two_way_within,True
break,20,19,bayesian_bic,True
break,20,20,classical_two_way_within,True
break,20,20,bayesian_bic,True
break,20,21,classical_two_way_within,True
break,20,21,bayesian_bic,True
break,20,22,classical_two_way_within,True
break,20,22,bayesian_bic,True
break,20,23,classical_two_way_within,True
break,20,23,bayesian_bic,True
break,20,24,classical_two_way_within,True
break,20,24,bayesian_bic,True
break,20,25,classical_two_way_within,True
break,20,25,bayesian_bic,True
break,20,26,classical_two_way_within,True
break,20,26,bayesian_bic,True
break,20,27,classical_two_way_within,True
break,20,27,bayesian_bic,True
break,20,28,classical_two_way_within,True
break,20,28,bayesian_bic,True
break,20,29,classical_two_way_within,True
break,20,29,bayesian_bic,True
break,20,30,classical_two_way_within,True
break,20,30,bayesian_bic,True
break,20,31,classical_two_way_within,True
break,20,31,bayesian_bic,True
break,20,32,classical_two_way_within,True
break,20,32,bayesian_bic,True
break,20,33,classical_two_way_within,True
break,20,33,bayesian_bic,True
break,20,34,classical_two_way_within,True
break,20,34,bayesian_bic,True
break,20,35,classical_two_way_within,True
break,20,35,bayesian_bic,True
break,20,36,classical_two_way_within,True
break,20,36,bayesian_bic,True
break,20,37,classical_two_way_within,True
break,20,37,bayesian_bic,True
break,20,38,classical_two_way_within,True
break,20,38,bayesian_bic,True
break,20,39,classical_two_way_within,True
break,20,39,bayesian_bic,True
break,20,40,classical_two_way_within,True
break,20,40,bayesian_bic,True
break,20,41,classical_two_way_within,True
break,20,41,bayesian_bic,True
break,20,42,classical_two_way_within,True
break,20,42,bayesian_bic,True
break,20,43,classical_two_way_within,True
break,20,43,bayesian_bic,True
break,20,44,classical_two_way_within,True
break,20,44,bayesian_bic,True
break,20,45,classical_two_way_within,True
break,20,45,bayesian_bic,True
break,20,46,classical_two_way_within,True
break,20,46,bayesian_bic,True
break,20,47,classical_two_way_within,True
break,20,47,bayesian_bic,True
break,20,48,classical_two_way_within,True
break,20,48,bayesian_bic,True
break,20,49,classical_two_way_within,True
break,20,49,bayesian_bic,True
break,20,50,classical_two_way_within,True
break,20,50,bayesian_bic,True
break,20,51,classical_two_way_within,True
break,20,51,bayesian_bic,True
break,20,52,classical_two_way_within,True
break,20,52,bayesian_bic,True
break,20,53,classical_two_way_within,True
break,20,53,bayesian_bic,True
break,20,54,classical_two_way_within,True
break,20,54,bayesian_bic,True
break,20,55,classical_two_way_within,True
break,20,55,bayesian_bic,True
break,20,56,classical_two_way_within,True
break,20,56,bayesian_bic,True
break,20,57,classical_two_way_within,True
break,20,57,bayesian_bic,True
break,20,58,classical_two_way_within,True
break,20,58,bayesian_bic,True
break,20,59,classical_two_way_within,True
break,20,59,bayesian_bic,True
break,20,60,classical_two_way_within,True
break,20,60,bayesian_bic,True
break,20,61,classical_two_way_within,True
break,20,61,bayesian_bic,True
break,20,62,classical_two_way_within,True
break,20,62,bayesian_bic,True
break,20,63,classical_two_way_within,True
break,20,63,bayesian_bic,True
break,20,64,classical_two_way_within,True
break,20,64,bayesian_bic,True
break,20,65,classical_two_way_within,True
break,20,65,bayesian_bic,True
break,20,66,classical_two_way_within,True
break,20,66,bayesian_bic,True
break,20,67,classical_two_way_within,True
break,20,67,bayesian_bic,True
break,20,68,classical_two_way_within,True
break,20,68,bayesian_bic,True
break,20,69,classical_two_way_within,True
break,20,69,bayesian_bic,True
break,20,70,classical_two_way_within,True
break,20,70,bayesian_bic,True
break,20,71,classical_two_way_within,True
break,20,71,bayesian_bic,True
break,20,72,classical_two_way_within,True
break,20,72,bayesian_bic,True
break,20,73,classical_two_way_within,True
break,20,73,bayesian_bic,True
break,20,74,classical_two_way_within,True
break,20,74,bayesian_bic,True
break,20,75,classical_two_way_within,True
break,20,75,bayesian_bic,True
break,20,76,classical_two_way_within,True
break,20,76,bayesian_bic,True
break,20,77,classical_two_way_within,True
break,20,77,bayesian_bic,True
break,20,78,classical_two_way_within,True
break,20,78,bayesian_bic,True
break,20,79,classical_two_way_within,True
break,20,79,bayesian_bic,True
break,20,80,classical_two_way_within,True
break,20,80,bayesian_bic,True
break,20,81,classical_two_way_within,True
break,20,81,bayesian_bic,True
break,20,82,classical_two_way_within,True
break,20,82,bayesian_bic,True
break,20,83,classical_two_way_within,True
break,20,83,bayesian_bic,True
break,20,84,classical_two_way_within,True
break,20,84,bayesian_bic,True
break,20,85,classical_two_way_within,True
break,20,85,bayesian_bic,True
break,20,86,classical_two_way_within,True
break,20,86,bayesian_bic,True
break,20,87,classical_two_way_within,True
break,20,87,bayesian_bic,True
break,20,88,classical_two_way_within,True
break,20,88,bayesian_bic,True
break,20,89,classical_two_way_within,True
break,20,89,bayesian_bic,True
break,20,90,classical_two_way_within,True
break,20,90,bayesian_bic,True
break,20,91,classical_two_way_within,True
break,20,91,bayesian_bic,True
break,20,92,classical_two_way_within,True
break,20,92,bayesian_bic,True
break,20,93,classical_two_way_within,True
break,20,93,bayesian_bic,True
break,20,94,classical_two_way_within,True
break,20,94,bayesian_bic,True
break,20,95,classical_two_way_within,True
break,20,95,bayesian_bic,True
break,20,96,classical_two_way_within,True
break,20,96,bayesian_bic,True
break,20,97,classical_two_way_within,True
break,20,97,bayesian_bic,True
break,20,98,classical_two_way_within,True
break,20,98,bayesian_bic,True
break,20,99,classical_two_way_within,True
break,20,99,bayesian_bic,True
break,20,100,classical_two_way_within,True
break,20,100,bayesian_bic,True
null,28,1,classical_two_way_within,False
null,28,1,bayesian_bic,False
null,28,2,classical_two_way_within,False
null,28,2,bayesian_bic,False
null,28,3,classical_two_way_within,False
null,28,3,bayesian_bic,False
null,28,4,classical_two_way_within,False
null,28,4,bayesian_bic,False
null,28,5,classical_two_way_within,False
null,28,5,bayesian_bic,False
null,28,6,classical_two_way_within,False
null,28,6,bayesian_bic,False
null,28,7,classical_two_way_within,False
null,28,7,bayesian_bic,False
null,28,8,classical_two_way_within,False
null,28,8,bayesian_bic,False
null,28,9,classical_two_way_within,False
null,28,9,bayesian_bic,False
null,28,10,classical_two_way_within,False
null,28,10,bayesian_bic,False
null,28,11,classical_two_way_within,False
null,28,11,bayesian_bic,False
null,28,12,classical_two_way_within,False
null,28,12,bayesian_bic,False
null,28,13,classical_two_way_within,False
null,28,13,bayesian_bic,False
null,28,14,classical_two_way_within,False
null,28,14,bayesian_bic,False
null,28,15,classical_two_way_within,False
null,28,15,bayesian_bic,False
null,28,16,classical_two_way_within,False
null,28,16,bayesian_bic,False
null,28,17,classical_two_way_within,True
null,28,17,bayesian_bic,False
null,28,18,classical_two_way_within,False
null,28,18,bayesian_bic,False
null,28,19,classical_two_way_within,False
null,28,19,bayesian_bic,False
null,28,20,classical_two_way_within,False
null,28,20,bayesian_bic,False
null,28,21,classical_two_way_within,False
null,28,21,bayesian_bic,False
null,28,22,classical_two_way_within,False
null,28,22,bayesian_bic,False
null,28,23,classical_two_way_within,False
null,28,23,bayesian_bic,False
null,28,24,classical_two_way_within,False
null,28,24,bayesian_bic,False
null,28,25,classical_two_way_within,False
null,28,25,bayesian_bic,False
null,28,26,classical_two_way_within,False
null,28,26,bayesian_bic,False
null,28,27,classical_two_way_within,True
null,28,27,bayesian_bic,False
null,28,28,classical_two_way_within,False
null,28,28,bayesian_bic,False
null,28,29,classical_two_way_within,False
null,28,29,bayesian_bic,False
null,28,30,classical_two_way_within,False
null,28,30,bayesian_bic,False
null,28,31,classical_two_way_within,False
null,28,31,bayesian_bic,False
null,28,32,classical_two_way_within,False
null,28,32,bayesian_bic,False
null,28,33,classical_two_way_within,False
null,28,33,bayesian_bic,False
null,28,34,classical_two_way_within,False
null,28,34,bayesian_bic,False
null,28,35,classical_two_way_within,False
null,28,35,bayesian_bic,False
null,28,36,classical_two_way_within,False
null,28,36,bayesian_bic,False
null,28,37,classical_two_way_within,False
null,28,37,bayesian_bic,False
null,28,38,classical_two_way_within,False
null,28,38,bayesian_bic,False
null,28,39,classical_two_way_within,False
null,28,39,bayesian_bic,False
null,28,40,classical_two_way_within,False
null,28,40,bayesian_bic,False
null,28,41,classical_two_way_within,False
null,28,41,bayesian_bic,False
null,28,42,classical_two_way_within,False
null,28,42,bayesian_bic,False
null,28,43,classical_two_way_within,False
null,28,43,bayesian_bic,False
null,28,44,classical_two_way_within,False
null,28,44,bayesian_bic,False
null,28,45,classical_two_way_within,False
null,28,45,bayesian_bic,False
null,28,46,classical_two_way_within,False
null,28,46,bayesian_bic,False
null,28,47,classical_two_way_within,False
null,28,47,bayesian_bic,False
null,28,48,classical_two_way_within,False
null,28,48,bayesian_bic,False
null,28,49,classical_two_way_within,False
null,28,49,bayesian_bic,False
null,28,50,classical_two_way_within,False
null,28,50,bayesian_bic,False
null,28,51,classical_two_way_within,False
null,28,51,bayesian_bic,False
null,28,52,classical_two_way_within,False
null,28,52,bayesian_bic,False
null,28,53,classical_two_way_within,False
null,28,53,bayesian_bic,False
null,28,54,classical_two_way_within,False
null,28,54,bayesian_bic,False
null,28,55,classical_two_way_within,False
null,28,55,bayesian_bic,False
null,28,56,classical_two_way_within,False
null,28,56,bayesian_bic,False
null,28,57,classical_two_way_within,False
null,28,57,bayesian_bic,False
null,28,58,classical_two_way_within,False
null,28,58,bayesian_bic,False
null,28,59,classical_two_way_within,False
null,28,59,bayesian_bic,False
null,28,60,classical_two_way_within,False
null,28,60,bayesian_bic,False
null,28,61,classical_two_way_within,True
null,28,61,bayesian_bic,False
null,28,62,classical_two_way_within,False
null,28,62,bayesian_bic,False
null,28,63,classical_two_way_within,False
null,28,63,bayesian_bic,False
null,28,64,classical_two_way_within,False
null,28,64,bayesian_bic,False
null,28,65,classical_two_way_within,False
null,28,65,bayesian_bic,False
null,28,66,classical_two_way_within,False
null,28,66,bayesian_bic,False
null,28,67,classical_two_way_within,False
null,28,67,bayesian_bic,False
null,28,68,classical_two_way_within,False
null,28,68,bayesian_bic,False
null,28,69,classical_two_way_within,False
null,28,69,bayesian_bic,False
null,28,70,classical_two_way_within,False
null,28,70,bayesian_bic,False
null,28,71,classical_two_way_within,False
null,28,71,bayesian_bic,False
null,28,72,classical_two_way_within,False
null,28,72,bayesian_bic,False
null,28,73,classical_two_way_within,False
null,28,73,bayesian_bic,False
null,28,74,classical_two_way_within,False
null,28,74,bayesian_bic,False
null,28,75,classical_two_way_within,False
null,28,75,bayesian_bic,False
null,28,76,classical_two_way_within,False
null,28,76,bayesian_bic,False
null,28,77,classical_two_way_within,False
null,28,77,bayesian_bic,False
null,28,78,classical_two_way_within,False
null,28,78,bayesian_bic,False
null,28,79,classical_two_way_within,False
null,28,79,bayesian_bic,False
null,28,80,classical_two_way_within,False
null,28,80,bayesian_bic,False
null,28,81,classical_two_way_within,False
null,28,81,bayesian_bic,False
null,28,82,classical_two_way_within,True
null,28,82,bayesian_bic,True
null,28,83,classical_two_way_within,False
null,28,83,bayesian_bic,False
null,28,84,classical_two_way_within,False
null,28,84,bayesian_bic,False
null,28,85,classical_two_way_within,False
null,28,85,bayesian_bic,False
null,28,86,classical_two_way_within,False
null,28,86,bayesian_bic,False
null,28,87,classical_two_way_within,True
null,28,87,bayesian_bic,False
null,28,88,classical_two_way_within,False
null,28,88,bayesian_bic,False
null,28,89,classical_two_way_within,False
null,28,89,bayesian_bic,False
null,28,90,classical_two_way_within,False
null,28,90,bayesian_bic,False
null,28,91,classical_two_way_within,False
null,28,91,bayesian_bic,False
null,28,92,classical_two_way_within,False
null,28,92,bayesian_bic,False
null,28,93,classical_two_way_within,False
null,28,93,bayesian_bic,False
null,28,94,classical_two_way_within,False
null,28,94,bayesian_bic,False
null,28,95,classical_two_way_within,False
null,28,95,bayesian_bic,False
null,28,96,classical_two_way_within,False
null,28,96,bayesian_bic,False
null,28,97,classical_two_way_within,False
null,28,97,bayesian_bic,False
null,28,98,classical_two_way_within,False
null,28,98,bayesian_bic,False
null,28,99,classical_two_way_within,False
null,28,99,bayesian_bic,False
null,28,100,classical_two_way_within,False
null,28,100,bayesian_bic,False
linear,28,1,classical_two_way_within,True
linear,28,1,bayesian_bic,True
linear,28,2,classical_two_way_within,True
linear,28,2,bayesian_bic,True
linear,28,3,classical_two_way_within,True
linear,28,3,bayesian_bic,True
linear,28,4,classical_two_way_within,True
linear,28,4,bayesian_bic,True
linear,28,5,classical_two_way_within,True
linear,28,5,bayesian_bic,True
linear,28,6,classical_two_way_within,True
linear,28,6,bayesian_bic,True
linear,28,7,classical_two_way_within,True
linear,28,7,bayesian_bic,True
linear,28,8,classical_two_way_within,True
linear,28,8,bayesian_bic,True
linear,28,9,classical_two_way_within,True
linear,28,9,bayesian_bic,True
linear,28,10,classical_two_way_within,True
linear,28,10,bayesian_bic,True
linear,28,11,classical_two_way_within,True
linear,28,11,bayesian_bic,True
linear,28,12,classical_two_way_within,True
linear,28,12,bayesian_bic,True
linear,28,13,classical_two_way_within,True
linear,28,13,bayesian_bic,True
linear,28,14,classical_two_way_within,True
linear,28,14,bayesian_bic,True
linear,28,15,classical_two_way_within,True
linear,28,15,bayesian_bic,True
linear,28,16,classical_two_way_within,True
linear,28,16,bayesian_bic,True
linear,28,17,classical_two_way_within,True
linear,28,17,bayesian_bic,True
linear,28,18,classical_two_way_within,True
linear,28,18,bayesian_bic,True
linear,28,19,classical_two_way_within,True
linear,28,19,bayesian_bic,True
linear,28,20,classical_two_way_within,True
linear,28,20,bayesian_bic,True
linear,28,21,classical_two_way_within,True
linear,28,21,bayesian_bic,True
linear,28,22,classical_two_way_within,True
linear,28,22,bayesian_bic,True
linear,28,23,classical_two_way_within,True
linear,28,23,bayesian_bic,True
linear,28,24,classical_two_way_within,True
linear,28,24,bayesian_bic,True
linear,28,25,classical_two_way_within,True
linear,28,25,bayesian_bic,True
linear,28,26,classical_two_way_within,True
linear,28,26,bayesian_bic,True
linear,28,27,classical_two_way_within,True
linear,28,27,bayesian_bic,True
linear,28,28,classical_two_way_within,True
linear,28,28,bayesian_bic,True
linear,28,29,classical_two_way_within,True
linear,28,29,bayesian_bic,True
linear,28,30,classical_two_way_within,True
linear,28,30,bayesian_bic,True
linear,28,31,classical_two_way_within,True
linear,28,31,bayesian_bic,True
linear,28,32,classical_two_way_within,True
linear,28,32,bayesian_bic,True
linear,28,33,classical_two_way_within,True
linear,28,33,bayesian_bic,True
linear,28,34,classical_two_way_within,True
linear,28,34,bayesian_bic,True
linear,28,35,classical_two_way_within,True
linear,28,35,bayesian_bic,True
linear,28,36,classical_two_way_within,True
linear,28,36,bayesian_bic,True
linear,28,37,classical_two_way_within,True
linear,28,37,bayesian_bic,True
linear,28,38,classical_two_way_within,True
linear,28,38,bayesian_bic,True
linear,28,39,classical_two_way_within,True
linear,28,39,bayesian_bic,True
linear,28,40,classical_two_way_within,True
linear,28,40,bayesian_bic,True
linear,28,41,classical_two_way_within,True
linear,28,41,bayesian_bic,True
linear,28,42,classical_two_way_within,True
linear,28,42,bayesian_bic,True
linear,28,43,classical_two_way_within,True
linear,28,43,bayesian_bic,True
linear,28,44,classical_two_way_within,True
linear,28,44,bayesian_bic,True
linear,28,45,classical_two_way_within,True
linear,28,45,bayesian_bic,True
linear,28,46,classical_two_way_within,True
linear,28,46,bayesian_bic,True
linear,28,47,classical_two_way_within,True
linear,28,47,bayesian_bic,True
linear,28,48,classical_two_way_within,True
linear,28,48,bayesian_bic,True
linear,28,49,classical_two_way_within,True
linear,28,49,bayesian_bic,True
linear,28,50,classical_two_way_within,True
linear,28,50,bayesian_bic,True
linear,28,51,classical_two_way_within,True
linear,28,51,bayesian_bic,True
linear,28,52,classical_two_way_within,True
linear,28,52,bayesian_bic,True
linear,28,53,classical_two_way_within,True
linear,28,53,bayesian_bic,True
linear,28,54,classical_two_way_within,True
linear,28,54,bayesian_bic,True
linear,28,55,classical_two_way_within,True
linear,28,55,bayesian_bic,True
linear,28,56,classical_two_way_within,True
linear,28,56,bayesian_bic,True
linear,28,57,classical_two_way_within,True
linear,28,57,bayesian_bic,True
linear,28,58,classical_two_way_within,True
linear,28,58,bayesian_bic,True
linear,28,59,classical_two_way_within,True
linear,28,59,bayesian_bic,True
linear,28,60,classical_two_way_within,True
linear,28,60,bayesian_bic,True
linear,28,61,classical_two_way_within,True
linear,28,61,bayesian_bic,True
linear,28,62,classical_two_way_within,True
linear,28,62,bayesian_bic,True
linear,28,63,classical_two_way_within,True
linear,28,63,bayesian_bic,True
linear,28,64,classical_two_way_within,True
linear,28,64,bayesian_bic,True
linear,28,65,classical_two_way_within,True
linear,28,65,bayesian_bic,True
linear,28,66,classical_two_way_within,True
linear,28,66,bayesian_bic,True
linear,28,67,classical_two_way_within,True
linear,28,67,bayesian_bic,True
linear,28,68,classical_two_way_within,True
linear,28,68,bayesian_bic,True
linear,28,69,classical_two_way_within,True
linear,28,69,bayesian_bic,True
linear,28,70,classical_two_way_within,True
linear,28,70,bayesian_bic,True
linear,28,71,classical_two_way_within,True
linear,28,71,bayesian_bic,True
linear,28,72,classical_two_way_within,True
linear,28,72,bayesian_bic,True
linear,28,73,classical_two_way_within,True
linear,28,73,bayesian_bic,True
linear,28,74,classical_two_way_within,True
linear,28,74,bayesian_bic,True
linear,28,75,classical_two_way_within,True
linear,28,75,bayesian_bic,True
linear,28,76,classical_two_way_within,True
linear,28,76,bayesian_bic,True
linear,28,77,classical_two_way_within,True
linear,28,77,bayesian_bic,True
linear,28,78,classical_two_way_within,True
linear,28,78,bayesian_bic,True
linear,28,79,classical_two_way_within,True
linear,28,79,bayesian_bic,True
linear,28,80,classical_two_way_within,True
linear,28,80,bayesian_bic,True
linear,28,81,classical_two_way_within,True
linear,28,81,bayesian_bic,True
linear,28,82,classical_two_way_within,True
linear,28,82,bayesian_bic,True
linear,28,83,classical_two_way_within,True
linear,28,83,bayesian_bic,True
linear,28,84,classical_two_way_within,True
linear,28,84,bayesian_bic,True
linear,28,85,classical_two_way_within,True
linear,28,85,bayesian_bic,True
linear,28,86,classical_two_way_within,True
linear,28,86,bayesian_bic,True
linear,28,87,classical_two_way_within,True
linear,28,87,bayesian_bic,True
linear,28,88,classical_two_way_within,True
linear,28,88,bayesian_bic,True
linear,28,89,classical_two_way_within,True
linear,28,89,bayesian_bic,True
linear,28,90,classical_two_way_within,True
linear,28,90,bayesian_bic,True
linear,28,91,classical_two_way_within,True
linear,28,91,bayesian_bic,True
linear,28,92,classical_two_way_within,True
linear,28,92,bayesian_bic,True
linear,28,93,classical_two_way_within,True
linear,28,93,bayesian_bic,True
linear,28,94,classical_two_way_within,True
linear,28,94,bayesian_bic,True
linear,28,95,classical_two_way_within,True
linear,28,95,bayesian_bic,True
linear,28,96,classical_two_way_within,True
linear,28,96,bayesian_bic,True
linear,28,97,classical_two_way_within,True
linear,28,97,bayesian_bic,True
linear,28,98,classical_two_way_within,True
linear,28,98,bayesian_bic,True
linear,28,99,classical_two_way_within,True
linear,28,99,bayesian_bic,True
linear,28,100,classical_two_way_within,True
linear,28,100,bayesian_bic,True
nonlinear,28,1,classical_two_way_within,True
nonlinear,28,1,bayesian_bic,False
nonlinear,28,2,classical_two_way_within,False
nonlinear,28,2,bayesian_bic,False
nonlinear,28,3,classical_two_way_within,True
nonlinear,28,3,bayesian_bic,False
nonlinear,28,4,classical_two_way_within,False
nonlinear,28,4,bayesian_bic,False
nonlinear,28,5,classical_two_way_within,False
nonlinear,28,5,bayesian_bic,False
nonlinear,28,6,classical_two_way_within,False
nonlinear,28,6,bayesian_bic,False
nonlinear,28,7,classical_two_way_within,False
nonlinear,28,7,bayesian_bic,False
nonlinear,28,8,classical_two_way_within,True
nonlinear,28,8,bayesian_bic,True
nonlinear,28,9,classical_two_way_within,False
nonlinear,28,9,bayesian_bic,False
nonlinear,28,10,classical_two_way_within,False
nonlinear,28,10,bayesian_bic,False
nonlinear,28,11,classical_two_way_within,False
nonlinear,28,11,bayesian_bic,False
nonlinear,28,12,classical_two_way_within,False
nonlinear,28,12,bayesian_bic,False
nonlinear,28,13,classical_two_way_within,False
nonlinear,28,13,bayesian_bic,False
nonlinear,28,14,classical_two_way_within,True
nonlinear,28,14,bayesian_bic,False
nonlinear,28,15,classical_two_way_within,True
nonlinear,28,15,bayesian_bic,False
nonlinear,28,16,classical_two_way_within,True
nonlinear,28,16,bayesian_bic,True
nonlinear,28,17,classical_two_way_within,False
nonlinear,28,17,bayesian_bic,False
nonlinear,28,18,classical_two_way_within,False
nonlinear,28,18,bayesian_bic,False
nonlinear,28,19,classical_two_way_within,False
nonlinear,28,19,bayesian_bic,False
nonlinear,28,20,classical_two_way_within,True
nonlinear,28,20,bayesian_bic,True
nonlinear,28,21,classical_two_way_within,False
nonlinear,28,21,bayesian_bic,False
nonlinear,28,22,classical_two_way_within,False
nonlinear,28,22,bayesian_bic,False
nonlinear,28,23,classical_two_way_within,True
nonlinear,28,23,bayesian_bic,True
nonlinear,28,24,classical_two_way_within,False
nonlinear,28,24,bayesian_bic,False
nonlinear,28,25,classical_two_way_within,True
nonlinear,28,25,bayesian_bic,True
nonlinear,28,26,classical_two_way_within,True
nonlinear,28,26,bayesian_bic,True
nonlinear,28,27,classical_two_way_within,False
nonlinear,28,27,bayesian_bic,False
nonlinear,28,28,classical_two_way_within,False
nonlinear,28,28,bayesian_bic,False
nonlinear,28,29,classical_two_way_within,False
nonlinear,28,29,bayesian_bic,False
nonlinear,28,30,classical_two_way_within,True
nonlinear,28,30,bayesian_bic,True
nonlinear,28,31,classical_two_way_within,True
nonlinear,28,31,bayesian_bic,False
nonlinear,28,32,classical_two_way_within,False
nonlinear,28,32,bayesian_bic,False
nonlinear,28,33,classical_two_way_within,False
nonlinear,28,33,bayesian_bic,False
nonlinear,28,34,classical_two_way_within,False
nonlinear,28,34,bayesian_bic,False
nonlinear,28,35,classical_two_way_within,False
nonlinear,28,35,bayesian_bic,False
nonlinear,28,36,classical_two_way_within,False
nonlinear,28,36,bayesian_bic,False
nonlinear,28,37,classical_two_way_within,False
nonlinear,28,37,bayesian_bic,False
nonlinear,28,38,classical_two_way_within,False
nonlinear,28,38,bayesian_bic,False
nonlinear,28,39,classical_two_way_within,True
nonlinear,28,39,bayesian_bic,True
nonlinear,28,40,classical_two_way_within,False
nonlinear,28,40,bayesian_bic,False
nonlinear,28,41,classical_two_way_within,True
nonlinear,28,41,bayesian_bic,True
nonlinear,28,42,classical_two_way_within,True
nonlinear,28,42,bayesian_bic,True
nonlinear,28,43,classical_two_way_within,False
nonlinear,28,43,bayesian_bic,False
nonlinear,28,44,classical_two_way_within,True
nonlinear,28,44,bayesian_bic,False
nonlinear,28,45,classical_two_way_within,False
nonlinear,28,45,bayesian_bic,False
nonlinear,28,46,classical_two_way_within,False
nonlinear,28,46,bayesian_bic,False
nonlinear,28,47,classical_two_way_within,True
nonlinear,28,47,bayesian_bic,True
nonlinear,28,48,classical_two_way_within,True
nonlinear,28,48,bayesian_bic,False
nonlinear,28,49,classical_two_way_within,True
nonlinear,28,49,bayesian_bic,False
nonlinear,28,50,classical_two_way_within,False
nonlinear,28,50,bayesian_bic,False
nonlinear,28,51,classical_two_way_within,False
nonlinear,28,51,bayesian_bic,False
nonlinear,28,52,classical_two_way_within,False
nonlinear,28,52,bayesian_bic,False
nonlinear,28,53,classical_two_way_within,False
nonlinear,28,53,bayesian_bic,False
nonlinear,28,54,classical_two_way_within,False
nonlinear,28,54,bayesian_bic,False
nonlinear,28,55,classical_two_way_within,False
nonlinear,28,55,bayesian_bic,False
nonlinear,28,56,classical_two_way_within,False
nonlinear,28,56,bayesian_bic,False
nonlinear,28,57,classical_two_way_within,False
nonlinear,28,57,bayesian_bic,False
nonlinear,28,58,classical_two_way_within,False
nonlinear,28,58,bayesian_bic,False
nonlinear,28,59,classical_two_way_within,True
nonlinear,28,59,bayesian_bic,True
nonlinear,28,60,classical_two_way_within,False
nonlinear,28,60,bayesian_bic,False
nonlinear,28,61,classical_two_way_within,False
nonlinear,28,61,bayesian_bic,False
nonlinear,28,62,classical_two_way_within,True
nonlinear,28,62,bayesian_bic,True
nonlinear,28,63,classical_two_way_within,True
nonlinear,28,63,bayesian_bic,False
nonlinear,28,64,classical_two_way_within,False
nonlinear,28,64,bayesian_bic,False
nonlinear,28,65,classical_two_way_within,False
nonlinear,28,65,bayesian_bic,False
nonlinear,28,66,classical_two_way_within,False
nonlinear,28,66,bayesian_bic,False
nonlinear,28,67,classical_two_way_within,False
nonlinear,28,67,bayesian_bic,False
nonlinear,28,68,classical_two_way_within,False
nonlinear,28,68,bayesian_bic,False
nonlinear,28,69,classical_two_way_within,True
nonlinear,28,69,bayesian_bic,False
nonlinear,28,70,classical_two_way_within,True
nonlinear,28,70,bayesian_bic,True
nonlinear,28,71,classical_two_way_within,True
nonlinear,28,71,bayesian_bic,True
nonlinear,28,72,classical_two_way_within,True
nonlinear,28,72,bayesian_bic,True
nonlinear,28,73,classical_two_way_within,False
nonlinear,28,73,bayesian_bic,False
nonlinear,28,74,classical_two_way_within,True
nonlinear,28,74,bayesian_bic,True
nonlinear,28,75,classical_two_way_within,True
nonlinear,28,75,bayesian_bic,False
nonlinear,28,76,classical_two_way_within,False
nonlinear,28,76,bayesian_bic,False
nonlinear,28,77,classical_two_way_within,False
nonlinear,28,77,bayesian_bic,False
nonlinear,28,78,classical_two_way_within,True
nonlinear,28,78,bayesian_bic,True
nonlinear,28,79,classical_two_way_within,True
nonlinear,28,79,bayesian_bic,True
nonlinear,28,80,classical_two_way_within,False
nonlinear,28,80,bayesian_bic,False
nonlinear,28,81,classical_two_way_within,True
nonlinear,28,81,bayesian_bic,False
nonlinear,28,82,classical_two_way_within,True
nonlinear,28,82,bayesian_bic,True
nonlinear,28,83,classical_two_way_within,False
nonlinear,28,83,bayesian_bic,False
nonlinear,28,84,classical_two_way_within,False
nonlinear,28,84,bayesian_bic,False
nonlinear,28,85,classical_two_way_within,False
nonlinear,28,85,bayesian_bic,False
nonlinear,28,86,classical_two_way_within,False
nonlinear,28,86,bayesian_bic,False
nonlinear,28,87,classical_two_way_within,True
nonlinear,28,87,bayesian_bic,True
nonlinear,28,88,classical_two_way_within,True
nonlinear,28,88,bayesian_bic,False
nonlinear,28,89,classical_two_way_within,True
nonlinear,28,89,bayesian_bic,False
nonlinear,28,90,classical_two_way_within,False
nonlinear,28,90,bayesian_bic,False
nonlinear,28,91,classical_two_way_within,True
nonlinear,28,91,bayesian_bic,True
nonlinear,28,92,classical_two_way_within,True
nonlinear,28,92,bayesian_bic,False
nonlinear,28,93,classical_two_way_within,True
nonlinear,28,93,bayesian_bic,False
nonlinear,28,94,classical_two_way_within,False
nonlinear,28,94,bayesian_bic,False
nonlinear,28,95,classical_two_way_within,False
nonlinear,28,95,bayesian_bic,False
nonlinear,28,96,classical_two_way_within,True
nonlinear,28,96,bayesian_bic,True
nonlinear,28,97,classical_two_way_within,False
nonlinear,28,97,bayesian_bic,False
nonlinear,28,98,classical_two_way_within,True
nonlinear,28,98,bayesian_bic,False
nonlinear,28,99,classical_two_way_within,True
nonlinear,28,99,bayesian_bic,False
nonlinear,28,100,classical_two_way_within,False
nonlinear,28,100,bayesian_bic,False
break,28,1,classical_two_way_within,True
break,28,1,bayesian_bic,True
break,28,2,classical_two_way_within,True
break,28,2,bayesian_bic,True
break,28,3,classical_two_way_within,True
break,28,3,bayesian_bic,True
break,28,4,classical_two_way_within,True
break,28,4,bayesian_bic,True
break,28,5,classical_two_way_within,True
break,28,5,bayesian_bic,True
break,28,6,classical_two_way_within,True
break,28,6,bayesian_bic,True
break,28,7,classical_two_way_within,True
break,28,7,bayesian_bic,True
break,28,8,classical_two_way_within,True
break,28,8,bayesian_bic,True
break,28,9,classical_two_way_within,True
break,28,9,bayesian_bic,True
break,28,10,classical_two_way_within,True
break,28,10,bayesian_bic,True
break,28,11,classical_two_way_within,True
break,28,11,bayesian_bic,True
break,28,12,classical_two_way_within,True
break,28,12,bayesian_bic,True
break,28,13,classical_two_way_within,True
break,28,13,bayesian_bic,True
break,28,14,classical_two_way_within,True
break,28,14,bayesian_bic,True
break,28,15,classical_two_way_within,True
break,28,15,bayesian_bic,True
break,28,16,classical_two_way_within,True
break,28,16,bayesian_bic,True
break,28,17,classical_two_way_within,True
break,28,17,bayesian_bic,True
break,28,18,classical_two_way_within,True
break,28,18,bayesian_bic,True
break,28,19,classical_two_way_within,True
break,28,19,bayesian_bic,True
break,28,20,classical_two_way_within,True
break,28,20,bayesian_bic,True
break,28,21,classical_two_way_within,True
break,28,21,bayesian_bic,True
break,28,22,classical_two_way_within,True
break,28,22,bayesian_bic,True
break,28,23,classical_two_way_within,True
break,28,23,bayesian_bic,True
break,28,24,classical_two_way_within,True
break,28,24,bayesian_bic,True
break,28,25,classical_two_way_within,True
break,28,25,bayesian_bic,True
break,28,26,classical_two_way_within,True
break,28,26,bayesian_bic,True
break,28,27,classical_two_way_within,True
break,28,27,bayesian_bic,True
break,28,28,classical_two_way_within,True
break,28,28,bayesian_bic,True
break,28,29,classical_two_way_within,True
break,28,29,bayesian_bic,True
break,28,30,classical_two_way_within,True
break,28,30,bayesian_bic,True
break,28,31,classical_two_way_within,True
break,28,31,bayesian_bic,True
break,28,32,classical_two_way_within,True
break,28,32,bayesian_bic,True
break,28,33,classical_two_way_within,True
break,28,33,bayesian_bic,True
break,28,34,classical_two_way_within,True
break,28,34,bayesian_bic,True
break,28,35,classical_two_way_within,True
break,28,35,bayesian_bic,True
break,28,36,classical_two_way_within,True
break,28,36,bayesian_bic,True
break,28,37,classical_two_way_within,True
break,28,37,bayesian_bic,True
break,28,38,classical_two_way_within,True
break,28,38,bayesian_bic,True
break,28,39,classical_two_way_within,True
break,28,39,bayesian_bic,True
break,28,40,classical_two_way_within,True
break,28,40,bayesian_bic,True
break,28,41,classical_two_way_within,True
break,28,41,bayesian_bic,True
break,28,42,classical_two_way_within,True
break,28,42,bayesian_bic,True
break,28,43,classical_two_way_within,True
break,28,43,bayesian_bic,True
break,28,44,classical_two_way_within,True
break,28,44,bayesian_bic,True
break,28,45,classical_two_way_within,True
break,28,45,bayesian_bic,True
break,28,46,classical_two_way_within,True
break,28,46,bayesian_bic,True
break,28,47,classical_two_way_within,True
break,28,47,bayesian_bic,True
break,28,48,classical_two_way_within,True
break,28,48,bayesian_bic,True
break,28,49,classical_two_way_within,True
break,28,49,bayesian_bic,True
break,28,50,classical_two_way_within,True
break,28,50,bayesian_bic,True
break,28,51,classical_two_way_within,True
break,28,51,bayesian_bic,True
break,28,52,classical_two_way_within,True
break,28,52,bayesian_bic,True
break,28,53,classical_two_way_within,True
break,28,53,bayesian_bic,True
break,28,54,classical_two_way_within,True
break,28,54,bayesian_bic,True
break,28,55,classical_two_way_within,True
break,28,55,bayesian_bic,True
break,28,56,classical_two_way_within,True
break,28,56,bayesian_bic,True
break,28,57,classical_two_way_within,True
break,28,57,bayesian_bic,True
break,28,58,classical_two_way_within,True
break,28,58,bayesian_bic,True
break,28,59,classical_two_way_within,True
break,28,59,bayesian_bic,True
break,28,60,classical_two_way_within,True
break,28,60,bayesian_bic,True
break,28,61,classical_two_way_within,True
break,28,61,bayesian_bic,True
break,28,62,classical_two_way_within,True
break,28,62,bayesian_bic,True
break,28,63,classical_two_way_within,True
break,28,63,bayesian_bic,True
break,28,64,classical_two_way_within,True
break,28,64,bayesian_bic,True
break,28,65,classical_two_way_within,True
break,28,65,bayesian_bic,True
break,28,66,classical_two_way_within,True
break,28,66,bayesian_bic,True
break,28,67,classical_two_way_within,True
break,28,67,bayesian_bic,True
break,28,68,classical_two_way_within,True
break,28,68,bayesian_bic,True
break,28,69,classical_two_way_within,True
break,28,69,bayesian_bic,True
break,28,70,classical_two_way_within,True
break,28,70,bayesian_bic,True
break,28,71,classical_two_way_within,True
break,28,71,bayesian_bic,True
break,28,72,classical_two_way_within,True
break,28,72,bayesian_bic,True
break,28,73,classical_two_way_within,True
break,28,73,bayesian_bic,True
break,28,74,classical_two_way_within,True
break,28,74,bayesian_bic,True
break,28,75,classical_two_way_within,True
break,28,75,bayesian_bic,True
break,28,76,classical_two_way_within,True
break,28,76,bayesian_bic,True
break,28,77,classical_two_way_within,True
break,28,77,bayesian_bic,True
break,28,78,classical_two_way_within,True
break,28,78,bayesian_bic,True
break,28,79,classical_two_way_within,True
break,28,79,bayesian_bic,True
break,28,80,classical_two_way_within,True
break,28,80,bayesian_bic,True
break,28,81,classical_two_way_within,True
break,28,81,bayesian_bic,True
break,28,82,classical_two_way_within,True
break,28,82,bayesian_bic,True
break,28,83,classical_two_way_within,True
break,28,83,bayesian_bic,True
break,28,84,classical_two_way_within,True
break,28,84,bayesian_bic,True
break,28,85,classical_two_way_within,True
break,28,85,bayesian_bic,True
break,28,86,classical_two_way_within,True
break,28,86,bayesian_bic,True
break,28,87,classical_two_way_within,True
break,28,87,bayesian_bic,True
break,28,88,classical_two_way_within,True
break,28,88,bayesian_bic,True
break,28,89,classical_two_way_within,True
break,28,89,bayesian_bic,True
break,28,90,classical_two_way_within,True
break,28,90,bayesian_bic,True
break,28,91,classical_two_way_within,True
break,28,91,bayesian_bic,True
break,28,92,classical_two_way_within,True
break,28,92,bayesian_bic,True
break,28,93,classical_two_way_within,True
break,28,93,bayesian_bic,True
break,28,94,classical_two_way_within,True
break,28,94,bayesian_bic,True
break,28,95,classical_two_way_within,True
break,28,95,bayesian_bic,True
break,28,96,classical_two_way_within,True
break,28,96,bayesian_bic,True
break,28,97,classical_two_way_within,True
break,28,97,bayesian_bic,True
break,28,98,classical_two_way_within,True
break,28,98,bayesian_bic,True
break,28,99,classical_two_way_within,True
break,28,99,bayesian_bic,True
break,28,100,classical_two_way_within,True
break,28,100,bayesian_bic,True
null,40,1,classical_two_way_within,False
null,40,1,bayesian_bic,False
null,40,2,classical_two_way_within,False
null,40,2,bayesian_bic,False
null,40,3,classical_two_way_within,False
null,40,3,bayesian_bic,False
null,40,4,classical_two_way_within,False
null,40,4,bayesian_bic,False
null,40,5,classical_two_way_within,False
null,40,5,bayesian_bic,False
null,40,6,classical_two_way_within,False
null,40,6,bayesian_bic,False
null,40,7,classical_two_way_within,True
null,40,7,bayesian_bic,False
null,40,8,classical_two_way_within,False
null,40,8,bayesian_bic,False
null,40,9,classical_two_way_within,False
null,40,9,bayesian_bic,False
null,40,10,classical_two_way_within,False
null,40,10,bayesian_bic,False
null,40,11,classical_two_way_within,False
null,40,11,bayesian_bic,False
null,40,12,classical_two_way_within,False
null,40,12,bayesian_bic,False
null,40,13,classical_two_way_within,False
null,40,13,bayesian_bic,False
null,40,14,classical_two_way_within,False
null,40,14,bayesian_bic,False
null,40,15,classical_two_way_within,False
null,40,15,bayesian_bic,False
null,40,16,classical_two_way_within,False
null,40,16,bayesian_bic,False
null,40,17,classical_two_way_within,False
null,40,17,bayesian_bic,False
null,40,18,classical_two_way_within,False
null,40,18,bayesian_bic,False
null,40,19,classical_two_way_within,False
null,40,19,bayesian_bic,False
null,40,20,classical_two_way_within,False
null,40,20,bayesian_bic,False
null,40,21,classical_two_way_within,False
null,40,21,bayesian_bic,False
null,40,22,classical_two_way_within,False
null,40,22,bayesian_bic,False
null,40,23,classical_two_way_within,False
null,40,23,bayesian_bic,False
null,40,24,classical_two_way_within,False
null,40,24,bayesian_bic,False
null,40,25,classical_two_way_within,False
null,40,25,bayesian_bic,False
null,40,26,classical_two_way_within,False
null,40,26,bayesian_bic,False
null,40,27,classical_two_way_within,False
null,40,27,bayesian_bic,False
null,40,28,classical_two_way_within,False
null,40,28,bayesian_bic,False
null,40,29,classical_two_way_within,False
null,40,29,bayesian_bic,False
null,40,30,classical_two_way_within,False
null,40,30,bayesian_bic,False
null,40,31,classical_two_way_within,True
null,40,31,bayesian_bic,False
null,40,32,classical_two_way_within,False
null,40,32,bayesian_bic,False
null,40,33,classical_two_way_within,False
null,40,33,bayesian_bic,False
null,40,34,classical_two_way_within,False
null,40,34,bayesian_bic,False
null,40,35,classical_two_way_within,False
null,40,35,bayesian_bic,False
null,40,36,classical_two_way_within,False
null,40,36,bayesian_bic,False
null,40,37,classical_two_way_within,False
null,40,37,bayesian_bic,False
null,40,38,classical_two_way_within,False
null,40,38,bayesian_bic,False
null,40,39,classical_two_way_within,False
null,40,39,bayesian_bic,False
null,40,40,classical_two_way_within,False
null,40,40,bayesian_bic,False
null,40,41,classical_two_way_within,False
null,40,41,bayesian_bic,False
null,40,42,classical_two_way_within,False
null,40,42,bayesian_bic,False
null,40,43,classical_two_way_within,False
null,40,43,bayesian_bic,False
null,40,44,classical_two_way_within,False
null,40,44,bayesian_bic,False
null,40,45,classical_two_way_within,False
null,40,45,bayesian_bic,False
null,40,46,classical_two_way_within,False
null,40,46,bayesian_bic,False
null,40,47,classical_two_way_within,False
null,40,47,bayesian_bic,False
null,40,48,classical_two_way_within,False
null,40,48,bayesian_bic,False
null,40,49,classical_two_way_within,False
null,40,49,bayesian_bic,False
null,40,50,classical_two_way_within,False
null,40,50,bayesian_bic,False
null,40,51,classical_two_way_within,True
null,40,51,bayesian_bic,False
null,40,52,classical_two_way_within,False
null,40,52,bayesian_bic,False
null,40,53,classical_two_way_within,False
null,40,53,bayesian_bic,False
null,40,54,classical_two_way_within,True
null,40,54,bayesian_bic,False
null,40,55,classical_two_way_within,False
null,40,55,bayesian_bic,False
null,40,56,classical_two_way_within,False
null,40,56,bayesian_bic,False
null,40,57,classical_two_way_within,False
null,40,57,bayesian_bic,False
null,40,58,classical_two_way_within,False
null,40,58,bayesian_bic,False
null,40,59,classical_two_way_within,False
null,40,59,bayesian_bic,False
null,40,60,classical_two_way_within,False
null,40,60,bayesian_bic,False
null,40,61,classical_two_way_within,True
null,40,61,bayesian_bic,False
null,40,62,classical_two_way_within,False
null,40,62,bayesian_bic,False
null,40,63,classical_two_way_within,False
null,40,63,bayesian_bic,False
null,40,64,classical_two_way_within,False
null,40,64,bayesian_bic,False
null,40,65,classical_two_way_within,False
null,40,65,bayesian_bic,False
null,40,66,classical_two_way_within,False
null,40,66,bayesian_bic,False
null,40,67,classical_two_way_within,False
null,40,67,bayesian_bic,False
null,40,68,classical_two_way_within,False
null,40,68,bayesian_bic,False
null,40,69,classical_two_way_within,True
null,40,69,bayesian_bic,False
null,40,70,classical_two_way_within,False
null,40,70,bayesian_bic,False
null,40,71,classical_two_way_within,False
null,40,71,bayesian_bic,False
null,40,72,classical_two_way_within,False
null,40,72,bayesian_bic,False
null,40,73,classical_two_way_within,False
null,40,73,bayesian_bic,False
null,40,74,classical_two_way_within,True
null,40,74,bayesian_bic,False
null,40,75,classical_two_way_within,False
null,40,75,bayesian_bic,False
null,40,76,classical_two_way_within,False
null,40,76,bayesian_bic,False
null,40,77,classical_two_way_within,False
null,40,77,bayesian_bic,False
null,40,78,classical_two_way_within,False
null,40,78,bayesian_bic,False
null,40,79,classical_two_way_within,False
null,40,79,bayesian_bic,False
null,40,80,classical_two_way_within,False
null,40,80,bayesian_bic,False
null,40,81,classical_two_way_within,False
null,40,81,bayesian_bic,False
null,40,82,classical_two_way_within,True
null,40,82,bayesian_bic,False
null,40,83,classical_two_way_within,False
null,40,83,bayesian_bic,False
null,40,84,classical_two_way_within,False
null,40,84,bayesian_bic,False
null,40,85,classical_two_way_within,False
null,40,85,bayesian_bic,False
null,40,86,classical_two_way_within,False
null,40,86,bayesian_bic,False
null,40,87,classical_two_way_within,False
null,40,87,bayesian_bic,False
null,40,88,classical_two_way_within,False
null,40,88,bayesian_bic,False
null,40,89,classical_two_way_within,False
null,40,89,bayesian_bic,False
null,40,90,classical_two_way_within,False
null,40,90,bayesian_bic,False
null,40,91,classical_two_way_within,False
null,40,91,bayesian_bic,False
null,40,92,classical_two_way_within,False
null,40,92,bayesian_bic,False
null,40,93,classical_two_way_within,False
null,40,93,bayesian_bic,False
null,40,94,classical_two_way_within,False
null,40,94,bayesian_bic,False
null,40,95,classical_two_way_within,False
null,40,95,bayesian_bic,False
null,40,96,classical_two_way_within,False
null,40,96,bayesian_bic,False
null,40,97,classical_two_way_within,False
null,40,97,bayesian_bic,False
null,40,98,classical_two_way_within,False
null,40,98,bayesian_bic,False
null,40,99,classical_two_way_within,False
null,40,99,bayesian_bic,False
null,40,100,classical_two_way_within,False
null,40,100,bayesian_bic,False
linear,40,1,classical_two_way_within,True
linear,40,1,bayesian_bic,True
linear,40,2,classical_two_way_within,True
linear,40,2,bayesian_bic,True
linear,40,3,classical_two_way_within,True
linear,40,3,bayesian_bic,True
linear,40,4,classical_two_way_within,True
linear,40,4,bayesian_bic,True
linear,40,5,classical_two_way_within,True
linear,40,5,bayesian_bic,True
linear,40,6,classical_two_way_within,True
linear,40,6,bayesian_bic,True
linear,40,7,classical_two_way_within,True
linear,40,7,bayesian_bic,True
linear,40,8,classical_two_way_within,True
linear,40,8,bayesian_bic,True
linear,40,9,classical_two_way_within,True
linear,40,9,bayesian_bic,True
linear,40,10,classical_two_way_within,True
linear,40,10,bayesian_bic,True
linear,40,11,classical_two_way_within,True
linear,40,11,bayesian_bic,True
linear,40,12,classical_two_way_within,True
linear,40,12,bayesian_bic,True
linear,40,13,classical_two_way_within,True
linear,40,13,bayesian_bic,True
linear,40,14,classical_two_way_within,True
linear,40,14,bayesian_bic,True
linear,40,15,classical_two_way_within,True
linear,40,15,bayesian_bic,True
linear,40,16,classical_two_way_within,True
linear,40,16,bayesian_bic,True
linear,40,17,classical_two_way_within,True
linear,40,17,bayesian_bic,True
linear,40,18,classical_two_way_within,True
linear,40,18,bayesian_bic,True
linear,40,19,classical_two_way_within,True
linear,40,19,bayesian_bic,True
linear,40,20,classical_two_way_within,True
linear,40,20,bayesian_bic,True
linear,40,21,classical_two_way_within,True
linear,40,21,bayesian_bic,True
linear,40,22,classical_two_way_within,True
linear,40,22,bayesian_bic,True
linear,40,23,classical_two_way_within,True
linear,40,23,bayesian_bic,True
linear,40,24,classical_two_way_within,True
linear,40,24,bayesian_bic,True
linear,40,25,classical_two_way_within,True
linear,40,25,bayesian_bic,True
linear,40,26,classical_two_way_within,True
linear,40,26,bayesian_bic,True
linear,40,27,classical_two_way_within,True
linear,40,27,bayesian_bic,True
linear,40,28,classical_two_way_within,True
linear,40,28,bayesian_bic,True
linear,40,29,classical_two_way_within,True
linear,40,29,bayesian_bic,True
linear,40,30,classical_two_way_within,True
linear,40,30,bayesian_bic,True
linear,40,31,classical_two_way_within,True
linear,40,31,bayesian_bic,True
linear,40,32,classical_two_way_within,True
linear,40,32,bayesian_bic,True
linear,40,33,classical_two_way_within,True
linear,40,33,bayesian_bic,True
linear,40,34,classical_two_way_within,True
linear,40,34,bayesian_bic,True
linear,40,35,classical_two_way_within,True
linear,40,35,bayesian_bic,True
linear,40,36,classical_two_way_within,True
linear,40,36,bayesian_bic,True
linear,40,37,classical_two_way_within,True
linear,40,37,bayesian_bic,True
linear,40,38,classical_two_way_within,True
linear,40,38,bayesian_bic,True
linear,40,39,classical_two_way_within,True
linear,40,39,bayesian_bic,True
linear,40,40,classical_two_way_within,True
linear,40,40,bayesian_bic,True
linear,40,41,classical_two_way_within,True
linear,40,41,bayesian_bic,True
linear,40,42,classical_two_way_within,True
linear,40,42,bayesian_bic,True
linear,40,43,classical_two_way_within,True
linear,40,43,bayesian_bic,True
linear,40,44,classical_two_way_within,True
linear,40,44,bayesian_bic,True
linear,40,45,classical_two_way_within,True
linear,40,45,bayesian_bic,True
linear,40,46,classical_two_way_within,True
linear,40,46,bayesian_bic,True
linear,40,47,classical_two_way_within,True
linear,40,47,bayesian_bic,True
linear,40,48,classical_two_way_within,True
linear,40,48,bayesian_bic,True
linear,40,49,classical_two_way_within,True
linear,40,49,bayesian_bic,True
linear,40,50,classical_two_way_within,True
linear,40,50,bayesian_bic,True
linear,40,51,classical_two_way_within,True
linear,40,51,bayesian_bic,True
linear,40,52,classical_two_way_within,True
linear,40,52,bayesian_bic,True
linear,40,53,classical_two_way_within,True
linear,40,53,bayesian_bic,True
linear,40,54,classical_two_way_within,True
linear,40,54,bayesian_bic,True
linear,40,55,classical_two_way_within,True
linear,40,55,bayesian_bic,True
linear,40,56,classical_two_way_within,True
linear,40,56,bayesian_bic,True
linear,40,57,classical_two_way_within,True
linear,40,57,bayesian_bic,True
linear,40,58,classical_two_way_within,True
linear,40,58,bayesian_bic,True
linear,40,59,classical_two_way_within,True
linear,40,59,bayesian_bic,True
linear,40,60,classical_two_way_within,True
linear,40,60,bayesian_bic,True
linear,40,61,classical_two_way_within,True
linear,40,61,bayesian_bic,True
linear,40,62,classical_two_way_within,True
linear,40,62,bayesian_bic,True
linear,40,63,classical_two_way_within,True
linear,40,63,bayesian_bic,True
linear,40,64,classical_two_way_within,True
linear,40,64,bayesian_bic,True
linear,40,65,classical_two_way_within,True
linear,40,65,bayesian_bic,True
linear,40,66,classical_two_way_within,True
linear,40,66,bayesian_bic,True
linear,40,67,classical_two_way_within,True
linear,40,67,bayesian_bic,True
linear,40,68,classical_two_way_within,True
linear,40,68,bayesian_bic,True
linear,40,69,classical_two_way_within,True
linear,40,69,bayesian_bic,True
linear,40,70,classical_two_way_within,True
linear,40,70,bayesian_bic,True
linear,40,71,classical_two_way_within,True
linear,40,71,bayesian_bic,True
linear,40,72,classical_two_way_within,True
linear,40,72,bayesian_bic,True
linear,40,73,classical_two_way_within,True
linear,40,73,bayesian_bic,True
linear,40,74,classical_two_way_within,True
linear,40,74,bayesian_bic,True
linear,40,75,classical_two_way_within,True
linear,40,75,bayesian_bic,True
linear,40,76,classical_two_way_within,True
linear,40,76,bayesian_bic,True
linear,40,77,classical_two_way_within,True
linear,40,77,bayesian_bic,True
linear,40,78,classical_two_way_within,True
linear,40,78,bayesian_bic,True
linear,40,79,classical_two_way_within,True
linear,40,79,bayesian_bic,True
linear,40,80,classical_two_way_within,True
linear,40,80,bayesian_bic,True
linear,40,81,classical_two_way_within,True
linear,40,81,bayesian_bic,True
linear,40,82,classical_two_way_within,True
linear,40,82,bayesian_bic,True
linear,40,83,classical_two_way_within,True
linear,40,83,bayesian_bic,True
linear,40,84,classical_two_way_within,True
linear,40,84,bayesian_bic,True
linear,40,85,classical_two_way_within,True
linear,40,85,bayesian_bic,True
linear,40,86,classical_two_way_within,True
linear,40,86,bayesian_bic,True
linear,40,87,classical_two_way_within,True
linear,40,87,bayesian_bic,True
linear,40,88,classical_two_way_within,True
linear,40,88,bayesian_bic,True
linear,40,89,classical_two_way_within,True
linear,40,89,bayesian_bic,True
linear,40,90,classical_two_way_within,True
linear,40,90,bayesian_bic,True
linear,40,91,classical_two_way_within,True
linear,40,91,bayesian_bic,True
linear,40,92,classical_two_way_within,True
linear,40,92,bayesian_bic,True
linear,40,93,classical_two_way_within,True
linear,40,93,bayesian_bic,True
linear,40,94,classical_two_way_within,True
linear,40,94,bayesian_bic,True
linear,40,95,classical_two_way_within,True
linear,40,95,bayesian_bic,True
linear,40,96,classical_two_way_within,True
linear,40,96,bayesian_bic,True
linear,40,97,classical_two_way_within,True
linear,40,97,bayesian_bic,True
linear,40,98,classical_two_way_within,True
linear,40,98,bayesian_bic,True
linear,40,99,classical_two_way_within,True
linear,40,99,bayesian_bic,True
linear,40,100,classical_two_way_within,True
linear,40,100,bayesian_bic,True
nonlinear,40,1,classical_two_way_within,False
nonlinear,40,1,bayesian_bic,False
nonlinear,40,2,classical_two_way_within,False
nonlinear,40,2,bayesian_bic,False
nonlinear,40,3,classical_two_way_within,False
nonlinear,40,3,bayesian_bic,False
nonlinear,40,4,classical_two_way_within,True
nonlinear,40,4,bayesian_bic,True
nonlinear,40,5,classical_two_way_within,True
nonlinear,40,5,bayesian_bic,True
nonlinear,40,6,classical_two_way_within,True
nonlinear,40,6,bayesian_bic,False
nonlinear,40,7,classical_two_way_within,False
nonlinear,40,7,bayesian_bic,False
nonlinear,40,8,classical_two_way_within,True
nonlinear,40,8,bayesian_bic,False
nonlinear,40,9,classical_two_way_within,False
nonlinear,40,9,bayesian_bic,False
nonlinear,40,10,classical_two_way_within,False
nonlinear,40,10,bayesian_bic,False
nonlinear,40,11,classical_two_way_within,True
nonlinear,40,11,bayesian_bic,True
nonlinear,40,12,classical_two_way_within,True
nonlinear,40,12,bayesian_bic,False
nonlinear,40,13,classical_two_way_within,False
nonlinear,40,13,bayesian_bic,False
nonlinear,40,14,classical_two_way_within,True
nonlinear,40,14,bayesian_bic,False
nonlinear,40,15,classical_two_way_within,False
nonlinear,40,15,bayesian_bic,False
nonlinear,40,16,classical_two_way_within,False
nonlinear,40,16,bayesian_bic,False
nonlinear,40,17,classical_two_way_within,False
nonlinear,40,17,bayesian_bic,False
nonlinear,40,18,classical_two_way_within,False
nonlinear,40,18,bayesian_bic,False
nonlinear,40,19,classical_two_way_within,False
nonlinear,40,19,bayesian_bic,False
nonlinear,40,20,classical_two_way_within,True
nonlinear,40,20,bayesian_bic,False
nonlinear,40,21,classical_two_way_within,False
nonlinear,40,21,bayesian_bic,False
nonlinear,40,22,classical_two_way_within,True
nonlinear,40,22,bayesian_bic,False
nonlinear,40,23,classical_two_way_within,True
nonlinear,40,23,bayesian_bic,True
nonlinear,40,24,classical_two_way_within,False
nonlinear,40,24,bayesian_bic,False
nonlinear,40,25,classical_two_way_within,True
nonlinear,40,25,bayesian_bic,True
nonlinear,40,26,classical_two_way_within,False
nonlinear,40,26,bayesian_bic,False
nonlinear,40,27,classical_two_way_within,True
nonlinear,40,27,bayesian_bic,False
nonlinear,40,28,classical_two_way_within,False
nonlinear,40,28,bayesian_bic,False
nonlinear,40,29,classical_two_way_within,True
nonlinear,40,29,bayesian_bic,True
nonlinear,40,30,classical_two_way_within,False
nonlinear,40,30,bayesian_bic,False
nonlinear,40,31,classical_two_way_within,True
nonlinear,40,31,bayesian_bic,True
nonlinear,40,32,classical_two_way_within,True
nonlinear,40,32,bayesian_bic,True
nonlinear,40,33,classical_two_way_within,True
nonlinear,40,33,bayesian_bic,False
nonlinear,40,34,classical_two_way_within,False
nonlinear,40,34,bayesian_bic,False
nonlinear,40,35,classical_two_way_within,False
nonlinear,40,35,bayesian_bic,False
nonlinear,40,36,classical_two_way_within,False
nonlinear,40,36,bayesian_bic,False
nonlinear,40,37,classical_two_way_within,True
nonlinear,40,37,bayesian_bic,True
nonlinear,40,38,classical_two_way_within,True
nonlinear,40,38,bayesian_bic,True
nonlinear,40,39,classical_two_way_within,False
nonlinear,40,39,bayesian_bic,False
nonlinear,40,40,classical_two_way_within,True
nonlinear,40,40,bayesian_bic,False
nonlinear,40,41,classical_two_way_within,False
nonlinear,40,41,bayesian_bic,False
nonlinear,40,42,classical_two_way_within,True
nonlinear,40,42,bayesian_bic,False
nonlinear,40,43,classical_two_way_within,False
nonlinear,40,43,bayesian_bic,False
nonlinear,40,44,classical_two_way_within,False
nonlinear,40,44,bayesian_bic,False
nonlinear,40,45,classical_two_way_within,False
nonlinear,40,45,bayesian_bic,False
nonlinear,40,46,classical_two_way_within,False
nonlinear,40,46,bayesian_bic,False
nonlinear,40,47,classical_two_way_within,False
nonlinear,40,47,bayesian_bic,False
nonlinear,40,48,classical_two_way_within,False
nonlinear,40,48,bayesian_bic,False
nonlinear,40,49,classical_two_way_within,False
nonlinear,40,49,bayesian_bic,False
nonlinear,40,50,classical_two_way_within,True
nonlinear,40,50,bayesian_bic,False
nonlinear,40,51,classical_two_way_within,False
nonlinear,40,51,bayesian_bic,False
nonlinear,40,52,classical_two_way_within,False
nonlinear,40,52,bayesian_bic,False
nonlinear,40,53,classical_two_way_within,True
nonlinear,40,53,bayesian_bic,True
nonlinear,40,54,classical_two_way_within,True
nonlinear,40,54,bayesian_bic,True
nonlinear,40,55,classical_two_way_within,False
nonlinear,40,55,bayesian_bic,False
nonlinear,40,56,classical_two_way_within,False
nonlinear,40,56,bayesian_bic,False
nonlinear,40,57,classical_two_way_within,True
nonlinear,40,57,bayesian_bic,True
nonlinear,40,58,classical_two_way_within,True
nonlinear,40,58,bayesian_bic,True
nonlinear,40,59,classical_two_way_within,False
nonlinear,40,59,bayesian_bic,False
nonlinear,40,60,classical_two_way_within,True
nonlinear,40,60,bayesian_bic,True
nonlinear,40,61,classical_two_way_within,False
nonlinear,40,61,bayesian_bic,False
nonlinear,40,62,classical_two_way_within,False
nonlinear,40,62,bayesian_bic,False
nonlinear,40,63,classical_two_way_within,False
nonlinear,40,63,bayesian_bic,False
nonlinear,40,64,classical_two_way_within,True
nonlinear,40,64,bayesian_bic,False
nonlinear,40,65,classical_two_way_within,True
nonlinear,40,65,bayesian_bic,False
nonlinear,40,66,classical_two_way_within,False
nonlinear,40,66,bayesian_bic,False
nonlinear,40,67,classical_two_way_within,True
nonlinear,40,67,bayesian_bic,False
nonlinear,40,68,classical_two_way_within,False
nonlinear,40,68,bayesian_bic,False
nonlinear,40,69,classical_two_way_within,False
nonlinear,40,69,bayesian_bic,False
nonlinear,40,70,classical_two_way_within,False
nonlinear,40,70,bayesian_bic,False
nonlinear,40,71,classical_two_way_within,True
nonlinear,40,71,bayesian_bic,True
nonlinear,40,72,classical_two_way_within,False
nonlinear,40,72,bayesian_bic,False
nonlinear,40,73,classical_two_way_within,True
nonlinear,40,73,bayesian_bic,True
nonlinear,40,74,classical_two_way_within,False
nonlinear,40,74,bayesian_bic,False
nonlinear,40,75,classical_two_way_within,True
nonlinear,40,75,bayesian_bic,True
nonlinear,40,76,classical_two_way_within,True
nonlinear,40,76,bayesian_bic,True
nonlinear,40,77,classical_two_way_within,False
nonlinear,40,77,bayesian_bic,False
nonlinear,40,78,classical_two_way_within,True
nonlinear,40,78,bayesian_bic,False
nonlinear,40,79,classical_two_way_within,False
nonlinear,40,79,bayesian_bic,False
nonlinear,40,80,classical_two_way_within,True
nonlinear,40,80,bayesian_bic,False
nonlinear,40,81,classical_two_way_within,False
nonlinear,40,81,bayesian_bic,False
nonlinear,40,82,classical_two_way_within,True
nonlinear,40,82,bayesian_bic,False
nonlinear,40,83,classical_two_way_within,False
nonlinear,40,83,bayesian_bic,False
nonlinear,40,84,classical_two_way_within,False
nonlinear,40,84,bayesian_bic,False
nonlinear,40,85,classical_two_way_within,False
nonlinear,40,85,bayesian_bic,False
nonlinear,40,86,classical_two_way_within,False
nonlinear,40,86,bayesian_bic,False
nonlinear,40,87,classical_two_way_within,True
nonlinear,40,87,bayesian_bic,True
nonlinear,40,88,classical_two_way_within,False
nonlinear,40,88,bayesian_bic,False
nonlinear,40,89,classical_two_way_within,False
nonlinear,40,89,bayesian_bic,False
nonlinear,40,90,classical_two_way_within,False
nonlinear,40,90,bayesian_bic,False
nonlinear,40,91,classical_two_way_within,False
nonlinear,40,91,bayesian_bic,False
nonlinear,40,92,classical_two_way_within,False
nonlinear,40,92,bayesian_bic,False
nonlinear,40,93,classical_two_way_within,False
nonlinear,40,93,bayesian_bic,False
nonlinear,40,94,classical_two_way_within,False
nonlinear,40,94,bayesian_bic,False
nonlinear,40,95,classical_two_way_within,True
nonlinear,40,95,bayesian_bic,True
nonlinear,40,96,classical_two_way_within,False
nonlinear,40,96,bayesian_bic,False
nonlinear,40,97,classical_two_way_within,False
nonlinear,40,97,bayesian_bic,False
nonlinear,40,98,classical_two_way_within,True
nonlinear,40,98,bayesian_bic,True
nonlinear,40,99,classical_two_way_within,False
nonlinear,40,99,bayesian_bic,False
nonlinear,40,100,classical_two_way_within,False
nonlinear,40,100,bayesian_bic,False
break,40,1,classical_two_way_within,True
break,40,1,bayesian_bic,True
break,40,2,classical_two_way_within,True
break,40,2,bayesian_bic,True
break,40,3,classical_two_way_within,True
break,40,3,bayesian_bic,True
break,40,4,classical_two_way_within,True
break,40,4,bayesian_bic,True
break,40,5,classical_two_way_within,True
break,40,5,bayesian_bic,True
break,40,6,classical_two_way_within,True
break,40,6,bayesian_bic,True
break,40,7,classical_two_way_within,True
break,40,7,bayesian_bic,True
break,40,8,classical_two_way_within,True
break,40,8,bayesian_bic,True
break,40,9,classical_two_way_within,True
break,40,9,bayesian_bic,True
break,40,10,classical_two_way_within,True
break,40,10,bayesian_bic,True
break,40,11,classical_two_way_within,True
break,40,11,bayesian_bic,True
break,40,12,classical_two_way_within,True
break,40,12,bayesian_bic,True
break,40,13,classical_two_way_within,True
break,40,13,bayesian_bic,True
break,40,14,classical_two_way_within,True
break,40,14,bayesian_bic,True
break,40,15,classical_two_way_within,True
break,40,15,bayesian_bic,True
break,40,16,classical_two_way_within,True
break,40,16,bayesian_bic,True
break,40,17,classical_two_way_within,True
break,40,17,bayesian_bic,True
break,40,18,classical_two_way_within,True
break,40,18,bayesian_bic,True
break,40,19,classical_two_way_within,True
break,40,19,bayesian_bic,True
break,40,20,classical_two_way_within,True
break,40,20,bayesian_bic,True
break,40,21,classical_two_way_within,True
break,40,21,bayesian_bic,True
break,40,22,classical_two_way_within,True
break,40,22,bayesian_bic,True
break,40,23,classical_two_way_within,True
break,40,23,bayesian_bic,True
break,40,24,classical_two_way_within,True
break,40,24,bayesian_bic,True
break,40,25,classical_two_way_within,True
break,40,25,bayesian_bic,True
break,40,26,classical_two_way_within,True
break,40,26,bayesian_bic,True
break,40,27,classical_two_way_within,True
break,40,27,bayesian_bic,True
break,40,28,classical_two_way_within,True
break,40,28,bayesian_bic,True
break,40,29,classical_two_way_within,True
break,40,29,bayesian_bic,True
break,40,30,classical_two_way_within,True
break,40,30,bayesian_bic,True
break,40,31,classical_two_way_within,True
break,40,31,bayesian_bic,True
break,40,32,classical_two_way_within,True
break,40,32,bayesian_bic,True
break,40,33,classical_two_way_within,True
break,40,33,bayesian_bic,True
break,40,34,classical_two_way_within,True
break,40,34,bayesian_bic,True
break,40,35,classical_two_way_within,True
break,40,35,bayesian_bic,True
break,40,36,classical_two_way_within,True
break,40,36,bayesian_bic,True
break,40,37,classical_two_way_within,True
break,40,37,bayesian_bic,True
break,40,38,classical_two_way_within,True
break,40,38,bayesian_bic,True
break,40,39,classical_two_way_within,True
break,40,39,bayesian_bic,True
break,40,40,classical_two_way_within,True
break,40,40,bayesian_bic,True
break,40,41,classical_two_way_within,True
break,40,41,bayesian_bic,True
break,40,42,classical_two_way_within,True
break,40,42,bayesian_bic,True
break,40,43,classical_two_way_within,True
break,40,43,bayesian_bic,True
break,40,44,classical_two_way_within,True
break,40,44,bayesian_bic,True
break,40,45,classical_two_way_within,True
break,40,45,bayesian_bic,True
break,40,46,classical_two_way_within,True
break,40,46,bayesian_bic,True
break,40,47,classical_two_way_within,True
break,40,47,bayesian_bic,True
break,40,48,classical_two_way_within,True
break,40,48,bayesian_bic,True
break,40,49,classical_two_way_within,True
break,40,49,bayesian_bic,True
break,40,50,classical_two_way_within,True
break,40,50,bayesian_bic,True
break,40,51,classical_two_way_within,True
break,40,51,bayesian_bic,True
break,40,52,classical_two_way_within,True
break,40,52,bayesian_bic,True
break,40,53,classical_two_way_within,True
break,40,53,bayesian_bic,True
break,40,54,classical_two_way_within,True
break,40,54,bayesian_bic,True
break,40,55,classical_two_way_within,True
break,40,55,bayesian_bic,True
break,40,56,classical_two_way_within,True
break,40,56,bayesian_bic,True
break,40,57,classical_two_way_within,True
break,40,57,bayesian_bic,True
break,40,58,classical_two_way_within,True
break,40,58,bayesian_bic,True
break,40,59,classical_two_way_within,True
break,40,59,bayesian_bic,True
break,40,60,classical_two_way_within,True
break,40,60,bayesian_bic,True
break,40,61,classical_two_way_within,True
break,40,61,bayesian_bic,True
break,40,62,classical_two_way_within,True
break,40,62,bayesian_bic,True
break,40,63,classical_two_way_within,True
break,40,63,bayesian_bic,True
break,40,64,classical_two_way_within,True
break,40,64,bayesian_bic,True
break,40,65,classical_two_way_within,True
break,40,65,bayesian_bic,True
break,40,66,classical_two_way_within,True
break,40,66,bayesian_bic,True
break,40,67,classical_two_way_within,True
break,40,67,bayesian_bic,True
break,40,68,classical_two_way_within,True
break,40,68,bayesian_bic,True
break,40,69,classical_two_way_within,True
break,40,69,bayesian_bic,True
break,40,70,classical_two_way_within,True
break,40,70,bayesian_bic,True
break,40,71,classical_two_way_within,True
break,40,71,bayesian_bic,True
break,40,72,classical_two_way_within,True
break,40,72,bayesian_bic,True
break,40,73,classical_two_way_within,True
break,40,73,bayesian_bic,True
break,40,74,classical_two_way_within,True
break,40,74,bayesian_bic,True
break,40,75,classical_two_way_within,True
break,40,75,bayesian_bic,True
break,40,76,classical_two_way_within,True
break,40,76,bayesian_bic,True
break,40,77,classical_two_way_within,True
break,40,77,bayesian_bic,True
break,40,78,classical_two_way_within,True
break,40,78,bayesian_bic,True
break,40,79,classical_two_way_within,True
break,40,79,bayesian_bic,True
break,40,80,classical_two_way_within,True
break,40,80,bayesian_bic,True
break,40,81,classical_two_way_within,True
break,40,81,bayesian_bic,True
break,40,82,classical_two_way_within,True
break,40,82,bayesian_bic,True
break,40,83,classical_two_way_within,True
break,40,83,bayesian_bic,True
break,40,84,classical_two_way_within,True
break,40,84,bayesian_bic,True
break,40,85,classical_two_way_within,True
break,40,85,bayesian_bic,True
break,40,86,classical_two_way_within,True
break,40,86,bayesian_bic,True
break,40,87,classical_two_way_within,True
break,40,87,bayesian_bic,True
break,40,88,classical_two_way_within,True
break,40,88,bayesian_bic,True
break,40,89,classical_two_way_within,True
break,40,89,bayesian_bic,True
break,40,90,classical_two_way_within,True
break,40,90,bayesian_bic,True
break,40,91,classical_two_way_within,True
break,40,91,bayesian_bic,True
break,40,92,classical_two_way_within,True
break,40,92,bayesian_bic,True
break,40,93,classical_two_way_within,True
break,40,93,bayesian_bic,True
break,40,94,classical_two_way_within,True
break,40,94,bayesian_bic,True
break,40,95,classical_two_way_within,True
break,40,95,bayesian_bic,True
break,40,96,classical_two_way_within,True
break,40,96,bayesian_bic,True
break,40,97,classical_two_way_within,True
break,40,97,bayesian_bic,True
break,40,98,classical_two_way_within,True
break,40,98,bayesian_bic,True
break,40,99,classical_two_way_within,True
break,40,99,bayesian_bic,True
break,40,100,classical_two_way_within,True
break,40,100,bayesian_bic,True
